session_uuid	modulation	feature	source	rating_stimulus	mean_rating
0f2d9c8e-1205-4ced-a82a-fc7aea129991	amp	brightness	real	condition_a	22.0
0f2d9c8e-1205-4ced-a82a-fc7aea129991	amp	brightness	real	condition_b	35.0
0f2d9c8e-1205-4ced-a82a-fc7aea129991	amp	brightness	real	condition_c	55.0
0f2d9c8e-1205-4ced-a82a-fc7aea129991	amp	brightness	real	condition_d	64.0
0f2d9c8e-1205-4ced-a82a-fc7aea129991	amp	brightness	synthetic	condition_a	15.0
0f2d9c8e-1205-4ced-a82a-fc7aea129991	amp	brightness	synthetic	condition_b	23.0
0f2d9c8e-1205-4ced-a82a-fc7aea129991	amp	brightness	synthetic	condition_c	43.0
0f2d9c8e-1205-4ced-a82a-fc7aea129991	amp	brightness	synthetic	condition_d	57.0
0f2d9c8e-1205-4ced-a82a-fc7aea129991	amp	richness	real	condition_a	27.0
0f2d9c8e-1205-4ced-a82a-fc7aea129991	amp	richness	real	condition_b	43.0
0f2d9c8e-1205-4ced-a82a-fc7aea129991	amp	richness	real	condition_c	40.0
0f2d9c8e-1205-4ced-a82a-fc7aea129991	amp	richness	real	condition_d	55.0
0f2d9c8e-1205-4ced-a82a-fc7aea129991	amp	richness	synthetic	condition_a	26.0
0f2d9c8e-1205-4ced-a82a-fc7aea129991	amp	richness	synthetic	condition_b	49.0
0f2d9c8e-1205-4ced-a82a-fc7aea129991	amp	richness	synthetic	condition_c	76.0
0f2d9c8e-1205-4ced-a82a-fc7aea129991	amp	richness	synthetic	condition_d	80.0
0f2d9c8e-1205-4ced-a82a-fc7aea129991	amp	warmth	real	condition_a	29.0
0f2d9c8e-1205-4ced-a82a-fc7aea129991	amp	warmth	real	condition_b	79.0
0f2d9c8e-1205-4ced-a82a-fc7aea129991	amp	warmth	real	condition_c	79.0
0f2d9c8e-1205-4ced-a82a-fc7aea129991	amp	warmth	real	condition_d	88.0
0f2d9c8e-1205-4ced-a82a-fc7aea129991	amp	warmth	synthetic	condition_a	11.0
0f2d9c8e-1205-4ced-a82a-fc7aea129991	amp	warmth	synthetic	condition_b	27.0
0f2d9c8e-1205-4ced-a82a-fc7aea129991	amp	warmth	synthetic	condition_c	35.0
0f2d9c8e-1205-4ced-a82a-fc7aea129991	amp	warmth	synthetic	condition_d	49.0
0f2d9c8e-1205-4ced-a82a-fc7aea129991	freq	brightness	real	condition_a	15.0
0f2d9c8e-1205-4ced-a82a-fc7aea129991	freq	brightness	real	condition_b	36.0
0f2d9c8e-1205-4ced-a82a-fc7aea129991	freq	brightness	real	condition_c	80.0
0f2d9c8e-1205-4ced-a82a-fc7aea129991	freq	brightness	real	condition_d	90.0
0f2d9c8e-1205-4ced-a82a-fc7aea129991	freq	brightness	synthetic	condition_a	17.0
0f2d9c8e-1205-4ced-a82a-fc7aea129991	freq	brightness	synthetic	condition_b	30.0
0f2d9c8e-1205-4ced-a82a-fc7aea129991	freq	brightness	synthetic	condition_c	65.0
0f2d9c8e-1205-4ced-a82a-fc7aea129991	freq	brightness	synthetic	condition_d	85.0
0f2d9c8e-1205-4ced-a82a-fc7aea129991	freq	richness	real	condition_a	29.0
0f2d9c8e-1205-4ced-a82a-fc7aea129991	freq	richness	real	condition_b	43.0
0f2d9c8e-1205-4ced-a82a-fc7aea129991	freq	richness	real	condition_c	53.0
0f2d9c8e-1205-4ced-a82a-fc7aea129991	freq	richness	real	condition_d	65.0
0f2d9c8e-1205-4ced-a82a-fc7aea129991	freq	richness	synthetic	condition_a	20.0
0f2d9c8e-1205-4ced-a82a-fc7aea129991	freq	richness	synthetic	condition_b	29.0
0f2d9c8e-1205-4ced-a82a-fc7aea129991	freq	richness	synthetic	condition_c	47.0
0f2d9c8e-1205-4ced-a82a-fc7aea129991	freq	richness	synthetic	condition_d	61.0
0f2d9c8e-1205-4ced-a82a-fc7aea129991	freq	warmth	real	condition_a	19.0
0f2d9c8e-1205-4ced-a82a-fc7aea129991	freq	warmth	real	condition_b	27.0
0f2d9c8e-1205-4ced-a82a-fc7aea129991	freq	warmth	real	condition_c	58.0
0f2d9c8e-1205-4ced-a82a-fc7aea129991	freq	warmth	real	condition_d	87.0
0f2d9c8e-1205-4ced-a82a-fc7aea129991	freq	warmth	synthetic	condition_a	17.0
0f2d9c8e-1205-4ced-a82a-fc7aea129991	freq	warmth	synthetic	condition_b	36.0
0f2d9c8e-1205-4ced-a82a-fc7aea129991	freq	warmth	synthetic	condition_c	46.0
0f2d9c8e-1205-4ced-a82a-fc7aea129991	freq	warmth	synthetic	condition_d	69.0
0f2d9c8e-1205-4ced-a82a-fc7aea129991	reg	brightness	real	condition_a	0.0
0f2d9c8e-1205-4ced-a82a-fc7aea129991	reg	brightness	real	condition_b	40.0
0f2d9c8e-1205-4ced-a82a-fc7aea129991	reg	brightness	real	condition_c	65.0
0f2d9c8e-1205-4ced-a82a-fc7aea129991	reg	brightness	real	condition_d	64.0
0f2d9c8e-1205-4ced-a82a-fc7aea129991	reg	brightness	synthetic	condition_a	9.0
0f2d9c8e-1205-4ced-a82a-fc7aea129991	reg	brightness	synthetic	condition_b	26.0
0f2d9c8e-1205-4ced-a82a-fc7aea129991	reg	brightness	synthetic	condition_c	27.0
0f2d9c8e-1205-4ced-a82a-fc7aea129991	reg	brightness	synthetic	condition_d	46.0
0f2d9c8e-1205-4ced-a82a-fc7aea129991	reg	richness	real	condition_a	11.0
0f2d9c8e-1205-4ced-a82a-fc7aea129991	reg	richness	real	condition_b	15.0
0f2d9c8e-1205-4ced-a82a-fc7aea129991	reg	richness	real	condition_c	40.0
0f2d9c8e-1205-4ced-a82a-fc7aea129991	reg	richness	real	condition_d	32.0
0f2d9c8e-1205-4ced-a82a-fc7aea129991	reg	richness	synthetic	condition_a	15.0
0f2d9c8e-1205-4ced-a82a-fc7aea129991	reg	richness	synthetic	condition_b	29.0
0f2d9c8e-1205-4ced-a82a-fc7aea129991	reg	richness	synthetic	condition_c	43.0
0f2d9c8e-1205-4ced-a82a-fc7aea129991	reg	richness	synthetic	condition_d	55.0
0f2d9c8e-1205-4ced-a82a-fc7aea129991	reg	warmth	real	condition_a	12.0
0f2d9c8e-1205-4ced-a82a-fc7aea129991	reg	warmth	real	condition_b	28.0
0f2d9c8e-1205-4ced-a82a-fc7aea129991	reg	warmth	real	condition_c	42.0
0f2d9c8e-1205-4ced-a82a-fc7aea129991	reg	warmth	real	condition_d	58.0
0f2d9c8e-1205-4ced-a82a-fc7aea129991	reg	warmth	synthetic	condition_a	0.0
0f2d9c8e-1205-4ced-a82a-fc7aea129991	reg	warmth	synthetic	condition_b	15.0
0f2d9c8e-1205-4ced-a82a-fc7aea129991	reg	warmth	synthetic	condition_c	27.0
0f2d9c8e-1205-4ced-a82a-fc7aea129991	reg	warmth	synthetic	condition_d	38.0
1a2031b7-a0e8-4e46-9d24-72c5f5fb18b7	amp	brightness	real	condition_a	24.0
1a2031b7-a0e8-4e46-9d24-72c5f5fb18b7	amp	brightness	real	condition_b	44.0
1a2031b7-a0e8-4e46-9d24-72c5f5fb18b7	amp	brightness	real	condition_c	50.0
1a2031b7-a0e8-4e46-9d24-72c5f5fb18b7	amp	brightness	real	condition_d	64.0
1a2031b7-a0e8-4e46-9d24-72c5f5fb18b7	amp	brightness	synthetic	condition_a	20.0
1a2031b7-a0e8-4e46-9d24-72c5f5fb18b7	amp	brightness	synthetic	condition_b	17.0
1a2031b7-a0e8-4e46-9d24-72c5f5fb18b7	amp	brightness	synthetic	condition_c	28.0
1a2031b7-a0e8-4e46-9d24-72c5f5fb18b7	amp	brightness	synthetic	condition_d	34.0
1a2031b7-a0e8-4e46-9d24-72c5f5fb18b7	amp	richness	real	condition_a	24.0
1a2031b7-a0e8-4e46-9d24-72c5f5fb18b7	amp	richness	real	condition_b	35.0
1a2031b7-a0e8-4e46-9d24-72c5f5fb18b7	amp	richness	real	condition_c	64.0
1a2031b7-a0e8-4e46-9d24-72c5f5fb18b7	amp	richness	real	condition_d	75.0
1a2031b7-a0e8-4e46-9d24-72c5f5fb18b7	amp	richness	synthetic	condition_a	14.0
1a2031b7-a0e8-4e46-9d24-72c5f5fb18b7	amp	richness	synthetic	condition_b	23.0
1a2031b7-a0e8-4e46-9d24-72c5f5fb18b7	amp	richness	synthetic	condition_c	18.0
1a2031b7-a0e8-4e46-9d24-72c5f5fb18b7	amp	richness	synthetic	condition_d	29.0
1a2031b7-a0e8-4e46-9d24-72c5f5fb18b7	amp	warmth	real	condition_a	10.0
1a2031b7-a0e8-4e46-9d24-72c5f5fb18b7	amp	warmth	real	condition_b	16.0
1a2031b7-a0e8-4e46-9d24-72c5f5fb18b7	amp	warmth	real	condition_c	32.0
1a2031b7-a0e8-4e46-9d24-72c5f5fb18b7	amp	warmth	real	condition_d	24.0
1a2031b7-a0e8-4e46-9d24-72c5f5fb18b7	amp	warmth	synthetic	condition_a	16.0
1a2031b7-a0e8-4e46-9d24-72c5f5fb18b7	amp	warmth	synthetic	condition_b	26.0
1a2031b7-a0e8-4e46-9d24-72c5f5fb18b7	amp	warmth	synthetic	condition_c	21.0
1a2031b7-a0e8-4e46-9d24-72c5f5fb18b7	amp	warmth	synthetic	condition_d	35.0
1a2031b7-a0e8-4e46-9d24-72c5f5fb18b7	freq	brightness	real	condition_a	26.0
1a2031b7-a0e8-4e46-9d24-72c5f5fb18b7	freq	brightness	real	condition_b	50.0
1a2031b7-a0e8-4e46-9d24-72c5f5fb18b7	freq	brightness	real	condition_c	76.0
1a2031b7-a0e8-4e46-9d24-72c5f5fb18b7	freq	brightness	real	condition_d	100.0
1a2031b7-a0e8-4e46-9d24-72c5f5fb18b7	freq	brightness	synthetic	condition_a	25.0
1a2031b7-a0e8-4e46-9d24-72c5f5fb18b7	freq	brightness	synthetic	condition_b	50.0
1a2031b7-a0e8-4e46-9d24-72c5f5fb18b7	freq	brightness	synthetic	condition_c	74.0
1a2031b7-a0e8-4e46-9d24-72c5f5fb18b7	freq	brightness	synthetic	condition_d	96.0
1a2031b7-a0e8-4e46-9d24-72c5f5fb18b7	freq	richness	real	condition_a	24.0
1a2031b7-a0e8-4e46-9d24-72c5f5fb18b7	freq	richness	real	condition_b	51.0
1a2031b7-a0e8-4e46-9d24-72c5f5fb18b7	freq	richness	real	condition_c	76.0
1a2031b7-a0e8-4e46-9d24-72c5f5fb18b7	freq	richness	real	condition_d	98.0
1a2031b7-a0e8-4e46-9d24-72c5f5fb18b7	freq	richness	synthetic	condition_a	26.0
1a2031b7-a0e8-4e46-9d24-72c5f5fb18b7	freq	richness	synthetic	condition_b	51.0
1a2031b7-a0e8-4e46-9d24-72c5f5fb18b7	freq	richness	synthetic	condition_c	74.0
1a2031b7-a0e8-4e46-9d24-72c5f5fb18b7	freq	richness	synthetic	condition_d	100.0
1a2031b7-a0e8-4e46-9d24-72c5f5fb18b7	freq	warmth	real	condition_a	23.0
1a2031b7-a0e8-4e46-9d24-72c5f5fb18b7	freq	warmth	real	condition_b	49.0
1a2031b7-a0e8-4e46-9d24-72c5f5fb18b7	freq	warmth	real	condition_c	74.0
1a2031b7-a0e8-4e46-9d24-72c5f5fb18b7	freq	warmth	real	condition_d	100.0
1a2031b7-a0e8-4e46-9d24-72c5f5fb18b7	freq	warmth	synthetic	condition_a	20.0
1a2031b7-a0e8-4e46-9d24-72c5f5fb18b7	freq	warmth	synthetic	condition_b	52.0
1a2031b7-a0e8-4e46-9d24-72c5f5fb18b7	freq	warmth	synthetic	condition_c	72.0
1a2031b7-a0e8-4e46-9d24-72c5f5fb18b7	freq	warmth	synthetic	condition_d	100.0
1a2031b7-a0e8-4e46-9d24-72c5f5fb18b7	reg	brightness	real	condition_a	12.0
1a2031b7-a0e8-4e46-9d24-72c5f5fb18b7	reg	brightness	real	condition_b	19.0
1a2031b7-a0e8-4e46-9d24-72c5f5fb18b7	reg	brightness	real	condition_c	23.0
1a2031b7-a0e8-4e46-9d24-72c5f5fb18b7	reg	brightness	real	condition_d	30.0
1a2031b7-a0e8-4e46-9d24-72c5f5fb18b7	reg	brightness	synthetic	condition_a	16.0
1a2031b7-a0e8-4e46-9d24-72c5f5fb18b7	reg	brightness	synthetic	condition_b	20.0
1a2031b7-a0e8-4e46-9d24-72c5f5fb18b7	reg	brightness	synthetic	condition_c	36.0
1a2031b7-a0e8-4e46-9d24-72c5f5fb18b7	reg	brightness	synthetic	condition_d	36.0
1a2031b7-a0e8-4e46-9d24-72c5f5fb18b7	reg	richness	real	condition_a	7.0
1a2031b7-a0e8-4e46-9d24-72c5f5fb18b7	reg	richness	real	condition_b	0.0
1a2031b7-a0e8-4e46-9d24-72c5f5fb18b7	reg	richness	real	condition_c	32.0
1a2031b7-a0e8-4e46-9d24-72c5f5fb18b7	reg	richness	real	condition_d	34.0
1a2031b7-a0e8-4e46-9d24-72c5f5fb18b7	reg	richness	synthetic	condition_a	20.0
1a2031b7-a0e8-4e46-9d24-72c5f5fb18b7	reg	richness	synthetic	condition_b	19.0
1a2031b7-a0e8-4e46-9d24-72c5f5fb18b7	reg	richness	synthetic	condition_c	25.0
1a2031b7-a0e8-4e46-9d24-72c5f5fb18b7	reg	richness	synthetic	condition_d	38.0
1a2031b7-a0e8-4e46-9d24-72c5f5fb18b7	reg	warmth	real	condition_a	6.0
1a2031b7-a0e8-4e46-9d24-72c5f5fb18b7	reg	warmth	real	condition_b	12.0
1a2031b7-a0e8-4e46-9d24-72c5f5fb18b7	reg	warmth	real	condition_c	16.0
1a2031b7-a0e8-4e46-9d24-72c5f5fb18b7	reg	warmth	real	condition_d	27.0
1a2031b7-a0e8-4e46-9d24-72c5f5fb18b7	reg	warmth	synthetic	condition_a	9.0
1a2031b7-a0e8-4e46-9d24-72c5f5fb18b7	reg	warmth	synthetic	condition_b	15.0
1a2031b7-a0e8-4e46-9d24-72c5f5fb18b7	reg	warmth	synthetic	condition_c	27.0
1a2031b7-a0e8-4e46-9d24-72c5f5fb18b7	reg	warmth	synthetic	condition_d	22.0
23c8c32c-81c6-45bd-b1a8-a2128c20a22e	amp	brightness	real	condition_a	51.0
23c8c32c-81c6-45bd-b1a8-a2128c20a22e	amp	brightness	real	condition_b	74.0
23c8c32c-81c6-45bd-b1a8-a2128c20a22e	amp	brightness	real	condition_c	87.0
23c8c32c-81c6-45bd-b1a8-a2128c20a22e	amp	brightness	real	condition_d	100.0
23c8c32c-81c6-45bd-b1a8-a2128c20a22e	amp	brightness	synthetic	condition_a	38.0
23c8c32c-81c6-45bd-b1a8-a2128c20a22e	amp	brightness	synthetic	condition_b	56.0
23c8c32c-81c6-45bd-b1a8-a2128c20a22e	amp	brightness	synthetic	condition_c	65.0
23c8c32c-81c6-45bd-b1a8-a2128c20a22e	amp	brightness	synthetic	condition_d	75.0
23c8c32c-81c6-45bd-b1a8-a2128c20a22e	amp	richness	real	condition_a	39.0
23c8c32c-81c6-45bd-b1a8-a2128c20a22e	amp	richness	real	condition_b	23.0
23c8c32c-81c6-45bd-b1a8-a2128c20a22e	amp	richness	real	condition_c	50.0
23c8c32c-81c6-45bd-b1a8-a2128c20a22e	amp	richness	real	condition_d	71.0
23c8c32c-81c6-45bd-b1a8-a2128c20a22e	amp	richness	synthetic	condition_a	33.0
23c8c32c-81c6-45bd-b1a8-a2128c20a22e	amp	richness	synthetic	condition_b	68.0
23c8c32c-81c6-45bd-b1a8-a2128c20a22e	amp	richness	synthetic	condition_c	57.0
23c8c32c-81c6-45bd-b1a8-a2128c20a22e	amp	richness	synthetic	condition_d	71.0
23c8c32c-81c6-45bd-b1a8-a2128c20a22e	amp	warmth	real	condition_a	23.0
23c8c32c-81c6-45bd-b1a8-a2128c20a22e	amp	warmth	real	condition_b	39.0
23c8c32c-81c6-45bd-b1a8-a2128c20a22e	amp	warmth	real	condition_c	49.0
23c8c32c-81c6-45bd-b1a8-a2128c20a22e	amp	warmth	real	condition_d	51.0
23c8c32c-81c6-45bd-b1a8-a2128c20a22e	amp	warmth	synthetic	condition_a	20.0
23c8c32c-81c6-45bd-b1a8-a2128c20a22e	amp	warmth	synthetic	condition_b	29.0
23c8c32c-81c6-45bd-b1a8-a2128c20a22e	amp	warmth	synthetic	condition_c	36.0
23c8c32c-81c6-45bd-b1a8-a2128c20a22e	amp	warmth	synthetic	condition_d	43.0
23c8c32c-81c6-45bd-b1a8-a2128c20a22e	freq	brightness	real	condition_a	29.0
23c8c32c-81c6-45bd-b1a8-a2128c20a22e	freq	brightness	real	condition_b	51.0
23c8c32c-81c6-45bd-b1a8-a2128c20a22e	freq	brightness	real	condition_c	82.0
23c8c32c-81c6-45bd-b1a8-a2128c20a22e	freq	brightness	real	condition_d	89.0
23c8c32c-81c6-45bd-b1a8-a2128c20a22e	freq	brightness	synthetic	condition_a	48.0
23c8c32c-81c6-45bd-b1a8-a2128c20a22e	freq	brightness	synthetic	condition_b	63.0
23c8c32c-81c6-45bd-b1a8-a2128c20a22e	freq	brightness	synthetic	condition_c	72.0
23c8c32c-81c6-45bd-b1a8-a2128c20a22e	freq	brightness	synthetic	condition_d	90.0
23c8c32c-81c6-45bd-b1a8-a2128c20a22e	freq	richness	real	condition_a	27.0
23c8c32c-81c6-45bd-b1a8-a2128c20a22e	freq	richness	real	condition_b	22.0
23c8c32c-81c6-45bd-b1a8-a2128c20a22e	freq	richness	real	condition_c	60.0
23c8c32c-81c6-45bd-b1a8-a2128c20a22e	freq	richness	real	condition_d	73.0
23c8c32c-81c6-45bd-b1a8-a2128c20a22e	freq	richness	synthetic	condition_a	51.0
23c8c32c-81c6-45bd-b1a8-a2128c20a22e	freq	richness	synthetic	condition_b	59.0
23c8c32c-81c6-45bd-b1a8-a2128c20a22e	freq	richness	synthetic	condition_c	64.0
23c8c32c-81c6-45bd-b1a8-a2128c20a22e	freq	richness	synthetic	condition_d	84.0
23c8c32c-81c6-45bd-b1a8-a2128c20a22e	freq	warmth	real	condition_a	50.0
23c8c32c-81c6-45bd-b1a8-a2128c20a22e	freq	warmth	real	condition_b	64.0
23c8c32c-81c6-45bd-b1a8-a2128c20a22e	freq	warmth	real	condition_c	85.0
23c8c32c-81c6-45bd-b1a8-a2128c20a22e	freq	warmth	real	condition_d	92.0
23c8c32c-81c6-45bd-b1a8-a2128c20a22e	freq	warmth	synthetic	condition_a	26.0
23c8c32c-81c6-45bd-b1a8-a2128c20a22e	freq	warmth	synthetic	condition_b	50.0
23c8c32c-81c6-45bd-b1a8-a2128c20a22e	freq	warmth	synthetic	condition_c	77.0
23c8c32c-81c6-45bd-b1a8-a2128c20a22e	freq	warmth	synthetic	condition_d	85.0
23c8c32c-81c6-45bd-b1a8-a2128c20a22e	reg	brightness	real	condition_a	23.0
23c8c32c-81c6-45bd-b1a8-a2128c20a22e	reg	brightness	real	condition_b	37.0
23c8c32c-81c6-45bd-b1a8-a2128c20a22e	reg	brightness	real	condition_c	47.0
23c8c32c-81c6-45bd-b1a8-a2128c20a22e	reg	brightness	real	condition_d	70.0
23c8c32c-81c6-45bd-b1a8-a2128c20a22e	reg	brightness	synthetic	condition_a	3.0
23c8c32c-81c6-45bd-b1a8-a2128c20a22e	reg	brightness	synthetic	condition_b	35.0
23c8c32c-81c6-45bd-b1a8-a2128c20a22e	reg	brightness	synthetic	condition_c	44.0
23c8c32c-81c6-45bd-b1a8-a2128c20a22e	reg	brightness	synthetic	condition_d	62.0
23c8c32c-81c6-45bd-b1a8-a2128c20a22e	reg	richness	real	condition_a	31.0
23c8c32c-81c6-45bd-b1a8-a2128c20a22e	reg	richness	real	condition_b	38.0
23c8c32c-81c6-45bd-b1a8-a2128c20a22e	reg	richness	real	condition_c	49.0
23c8c32c-81c6-45bd-b1a8-a2128c20a22e	reg	richness	real	condition_d	63.0
23c8c32c-81c6-45bd-b1a8-a2128c20a22e	reg	richness	synthetic	condition_a	2.0
23c8c32c-81c6-45bd-b1a8-a2128c20a22e	reg	richness	synthetic	condition_b	27.0
23c8c32c-81c6-45bd-b1a8-a2128c20a22e	reg	richness	synthetic	condition_c	53.0
23c8c32c-81c6-45bd-b1a8-a2128c20a22e	reg	richness	synthetic	condition_d	66.0
23c8c32c-81c6-45bd-b1a8-a2128c20a22e	reg	warmth	real	condition_a	1.0
23c8c32c-81c6-45bd-b1a8-a2128c20a22e	reg	warmth	real	condition_b	19.0
23c8c32c-81c6-45bd-b1a8-a2128c20a22e	reg	warmth	real	condition_c	43.0
23c8c32c-81c6-45bd-b1a8-a2128c20a22e	reg	warmth	real	condition_d	39.0
23c8c32c-81c6-45bd-b1a8-a2128c20a22e	reg	warmth	synthetic	condition_a	2.0
23c8c32c-81c6-45bd-b1a8-a2128c20a22e	reg	warmth	synthetic	condition_b	22.0
23c8c32c-81c6-45bd-b1a8-a2128c20a22e	reg	warmth	synthetic	condition_c	39.0
23c8c32c-81c6-45bd-b1a8-a2128c20a22e	reg	warmth	synthetic	condition_d	37.0
39af7bec-1496-432a-beed-fe1c5359f1cc	amp	brightness	real	condition_a	22.0
39af7bec-1496-432a-beed-fe1c5359f1cc	amp	brightness	real	condition_b	49.0
39af7bec-1496-432a-beed-fe1c5359f1cc	amp	brightness	real	condition_c	73.0
39af7bec-1496-432a-beed-fe1c5359f1cc	amp	brightness	real	condition_d	97.0
39af7bec-1496-432a-beed-fe1c5359f1cc	amp	brightness	synthetic	condition_a	23.0
39af7bec-1496-432a-beed-fe1c5359f1cc	amp	brightness	synthetic	condition_b	48.0
39af7bec-1496-432a-beed-fe1c5359f1cc	amp	brightness	synthetic	condition_c	74.0
39af7bec-1496-432a-beed-fe1c5359f1cc	amp	brightness	synthetic	condition_d	97.0
39af7bec-1496-432a-beed-fe1c5359f1cc	amp	richness	real	condition_a	23.0
39af7bec-1496-432a-beed-fe1c5359f1cc	amp	richness	real	condition_b	71.0
39af7bec-1496-432a-beed-fe1c5359f1cc	amp	richness	real	condition_c	47.0
39af7bec-1496-432a-beed-fe1c5359f1cc	amp	richness	real	condition_d	98.0
39af7bec-1496-432a-beed-fe1c5359f1cc	amp	richness	synthetic	condition_a	23.0
39af7bec-1496-432a-beed-fe1c5359f1cc	amp	richness	synthetic	condition_b	49.0
39af7bec-1496-432a-beed-fe1c5359f1cc	amp	richness	synthetic	condition_c	74.0
39af7bec-1496-432a-beed-fe1c5359f1cc	amp	richness	synthetic	condition_d	96.0
39af7bec-1496-432a-beed-fe1c5359f1cc	amp	warmth	real	condition_a	24.0
39af7bec-1496-432a-beed-fe1c5359f1cc	amp	warmth	real	condition_b	49.0
39af7bec-1496-432a-beed-fe1c5359f1cc	amp	warmth	real	condition_c	73.0
39af7bec-1496-432a-beed-fe1c5359f1cc	amp	warmth	real	condition_d	97.0
39af7bec-1496-432a-beed-fe1c5359f1cc	amp	warmth	synthetic	condition_a	25.0
39af7bec-1496-432a-beed-fe1c5359f1cc	amp	warmth	synthetic	condition_b	49.0
39af7bec-1496-432a-beed-fe1c5359f1cc	amp	warmth	synthetic	condition_c	48.0
39af7bec-1496-432a-beed-fe1c5359f1cc	amp	warmth	synthetic	condition_d	73.0
39af7bec-1496-432a-beed-fe1c5359f1cc	freq	brightness	real	condition_a	25.0
39af7bec-1496-432a-beed-fe1c5359f1cc	freq	brightness	real	condition_b	52.0
39af7bec-1496-432a-beed-fe1c5359f1cc	freq	brightness	real	condition_c	73.0
39af7bec-1496-432a-beed-fe1c5359f1cc	freq	brightness	real	condition_d	98.0
39af7bec-1496-432a-beed-fe1c5359f1cc	freq	brightness	synthetic	condition_a	25.0
39af7bec-1496-432a-beed-fe1c5359f1cc	freq	brightness	synthetic	condition_b	50.0
39af7bec-1496-432a-beed-fe1c5359f1cc	freq	brightness	synthetic	condition_c	75.0
39af7bec-1496-432a-beed-fe1c5359f1cc	freq	brightness	synthetic	condition_d	100.0
39af7bec-1496-432a-beed-fe1c5359f1cc	freq	richness	real	condition_a	25.0
39af7bec-1496-432a-beed-fe1c5359f1cc	freq	richness	real	condition_b	47.0
39af7bec-1496-432a-beed-fe1c5359f1cc	freq	richness	real	condition_c	75.0
39af7bec-1496-432a-beed-fe1c5359f1cc	freq	richness	real	condition_d	100.0
39af7bec-1496-432a-beed-fe1c5359f1cc	freq	richness	synthetic	condition_a	25.0
39af7bec-1496-432a-beed-fe1c5359f1cc	freq	richness	synthetic	condition_b	50.0
39af7bec-1496-432a-beed-fe1c5359f1cc	freq	richness	synthetic	condition_c	75.0
39af7bec-1496-432a-beed-fe1c5359f1cc	freq	richness	synthetic	condition_d	100.0
39af7bec-1496-432a-beed-fe1c5359f1cc	freq	warmth	real	condition_a	24.0
39af7bec-1496-432a-beed-fe1c5359f1cc	freq	warmth	real	condition_b	48.0
39af7bec-1496-432a-beed-fe1c5359f1cc	freq	warmth	real	condition_c	73.0
39af7bec-1496-432a-beed-fe1c5359f1cc	freq	warmth	real	condition_d	95.0
39af7bec-1496-432a-beed-fe1c5359f1cc	freq	warmth	synthetic	condition_a	32.0
39af7bec-1496-432a-beed-fe1c5359f1cc	freq	warmth	synthetic	condition_b	61.0
39af7bec-1496-432a-beed-fe1c5359f1cc	freq	warmth	synthetic	condition_c	76.0
39af7bec-1496-432a-beed-fe1c5359f1cc	freq	warmth	synthetic	condition_d	98.0
39af7bec-1496-432a-beed-fe1c5359f1cc	reg	brightness	real	condition_a	9.0
39af7bec-1496-432a-beed-fe1c5359f1cc	reg	brightness	real	condition_b	25.0
39af7bec-1496-432a-beed-fe1c5359f1cc	reg	brightness	real	condition_c	51.0
39af7bec-1496-432a-beed-fe1c5359f1cc	reg	brightness	real	condition_d	77.0
39af7bec-1496-432a-beed-fe1c5359f1cc	reg	brightness	synthetic	condition_a	0.0
39af7bec-1496-432a-beed-fe1c5359f1cc	reg	brightness	synthetic	condition_b	63.0
39af7bec-1496-432a-beed-fe1c5359f1cc	reg	brightness	synthetic	condition_c	75.0
39af7bec-1496-432a-beed-fe1c5359f1cc	reg	brightness	synthetic	condition_d	52.0
39af7bec-1496-432a-beed-fe1c5359f1cc	reg	richness	real	condition_a	4.0
39af7bec-1496-432a-beed-fe1c5359f1cc	reg	richness	real	condition_b	67.0
39af7bec-1496-432a-beed-fe1c5359f1cc	reg	richness	real	condition_c	67.0
39af7bec-1496-432a-beed-fe1c5359f1cc	reg	richness	real	condition_d	49.0
39af7bec-1496-432a-beed-fe1c5359f1cc	reg	richness	synthetic	condition_a	11.0
39af7bec-1496-432a-beed-fe1c5359f1cc	reg	richness	synthetic	condition_b	43.0
39af7bec-1496-432a-beed-fe1c5359f1cc	reg	richness	synthetic	condition_c	65.0
39af7bec-1496-432a-beed-fe1c5359f1cc	reg	richness	synthetic	condition_d	85.0
39af7bec-1496-432a-beed-fe1c5359f1cc	reg	warmth	real	condition_a	3.0
39af7bec-1496-432a-beed-fe1c5359f1cc	reg	warmth	real	condition_b	26.0
39af7bec-1496-432a-beed-fe1c5359f1cc	reg	warmth	real	condition_c	64.0
39af7bec-1496-432a-beed-fe1c5359f1cc	reg	warmth	real	condition_d	89.0
39af7bec-1496-432a-beed-fe1c5359f1cc	reg	warmth	synthetic	condition_a	16.0
39af7bec-1496-432a-beed-fe1c5359f1cc	reg	warmth	synthetic	condition_b	23.0
39af7bec-1496-432a-beed-fe1c5359f1cc	reg	warmth	synthetic	condition_c	47.0
39af7bec-1496-432a-beed-fe1c5359f1cc	reg	warmth	synthetic	condition_d	77.0
3f4278a9-fbc0-44f0-ae15-8fcb98fffe8d	amp	brightness	real	condition_a	25.0
3f4278a9-fbc0-44f0-ae15-8fcb98fffe8d	amp	brightness	real	condition_b	25.0
3f4278a9-fbc0-44f0-ae15-8fcb98fffe8d	amp	brightness	real	condition_c	40.0
3f4278a9-fbc0-44f0-ae15-8fcb98fffe8d	amp	brightness	real	condition_d	100.0
3f4278a9-fbc0-44f0-ae15-8fcb98fffe8d	amp	brightness	synthetic	condition_a	25.0
3f4278a9-fbc0-44f0-ae15-8fcb98fffe8d	amp	brightness	synthetic	condition_b	25.0
3f4278a9-fbc0-44f0-ae15-8fcb98fffe8d	amp	brightness	synthetic	condition_c	35.0
3f4278a9-fbc0-44f0-ae15-8fcb98fffe8d	amp	brightness	synthetic	condition_d	100.0
3f4278a9-fbc0-44f0-ae15-8fcb98fffe8d	amp	richness	real	condition_a	25.0
3f4278a9-fbc0-44f0-ae15-8fcb98fffe8d	amp	richness	real	condition_b	50.0
3f4278a9-fbc0-44f0-ae15-8fcb98fffe8d	amp	richness	real	condition_c	50.0
3f4278a9-fbc0-44f0-ae15-8fcb98fffe8d	amp	richness	real	condition_d	50.0
3f4278a9-fbc0-44f0-ae15-8fcb98fffe8d	amp	richness	synthetic	condition_a	25.0
3f4278a9-fbc0-44f0-ae15-8fcb98fffe8d	amp	richness	synthetic	condition_b	25.0
3f4278a9-fbc0-44f0-ae15-8fcb98fffe8d	amp	richness	synthetic	condition_c	50.0
3f4278a9-fbc0-44f0-ae15-8fcb98fffe8d	amp	richness	synthetic	condition_d	50.0
3f4278a9-fbc0-44f0-ae15-8fcb98fffe8d	amp	warmth	real	condition_a	50.0
3f4278a9-fbc0-44f0-ae15-8fcb98fffe8d	amp	warmth	real	condition_b	25.0
3f4278a9-fbc0-44f0-ae15-8fcb98fffe8d	amp	warmth	real	condition_c	25.0
3f4278a9-fbc0-44f0-ae15-8fcb98fffe8d	amp	warmth	real	condition_d	50.0
3f4278a9-fbc0-44f0-ae15-8fcb98fffe8d	amp	warmth	synthetic	condition_a	10.0
3f4278a9-fbc0-44f0-ae15-8fcb98fffe8d	amp	warmth	synthetic	condition_b	50.0
3f4278a9-fbc0-44f0-ae15-8fcb98fffe8d	amp	warmth	synthetic	condition_c	20.0
3f4278a9-fbc0-44f0-ae15-8fcb98fffe8d	amp	warmth	synthetic	condition_d	50.0
3f4278a9-fbc0-44f0-ae15-8fcb98fffe8d	freq	brightness	real	condition_a	50.0
3f4278a9-fbc0-44f0-ae15-8fcb98fffe8d	freq	brightness	real	condition_b	63.0
3f4278a9-fbc0-44f0-ae15-8fcb98fffe8d	freq	brightness	real	condition_c	75.0
3f4278a9-fbc0-44f0-ae15-8fcb98fffe8d	freq	brightness	real	condition_d	100.0
3f4278a9-fbc0-44f0-ae15-8fcb98fffe8d	freq	brightness	synthetic	condition_a	25.0
3f4278a9-fbc0-44f0-ae15-8fcb98fffe8d	freq	brightness	synthetic	condition_b	50.0
3f4278a9-fbc0-44f0-ae15-8fcb98fffe8d	freq	brightness	synthetic	condition_c	72.0
3f4278a9-fbc0-44f0-ae15-8fcb98fffe8d	freq	brightness	synthetic	condition_d	100.0
3f4278a9-fbc0-44f0-ae15-8fcb98fffe8d	freq	richness	real	condition_a	25.0
3f4278a9-fbc0-44f0-ae15-8fcb98fffe8d	freq	richness	real	condition_b	50.0
3f4278a9-fbc0-44f0-ae15-8fcb98fffe8d	freq	richness	real	condition_c	75.0
3f4278a9-fbc0-44f0-ae15-8fcb98fffe8d	freq	richness	real	condition_d	100.0
3f4278a9-fbc0-44f0-ae15-8fcb98fffe8d	freq	richness	synthetic	condition_a	25.0
3f4278a9-fbc0-44f0-ae15-8fcb98fffe8d	freq	richness	synthetic	condition_b	50.0
3f4278a9-fbc0-44f0-ae15-8fcb98fffe8d	freq	richness	synthetic	condition_c	75.0
3f4278a9-fbc0-44f0-ae15-8fcb98fffe8d	freq	richness	synthetic	condition_d	100.0
3f4278a9-fbc0-44f0-ae15-8fcb98fffe8d	freq	warmth	real	condition_a	50.0
3f4278a9-fbc0-44f0-ae15-8fcb98fffe8d	freq	warmth	real	condition_b	75.0
3f4278a9-fbc0-44f0-ae15-8fcb98fffe8d	freq	warmth	real	condition_c	75.0
3f4278a9-fbc0-44f0-ae15-8fcb98fffe8d	freq	warmth	real	condition_d	100.0
3f4278a9-fbc0-44f0-ae15-8fcb98fffe8d	freq	warmth	synthetic	condition_a	25.0
3f4278a9-fbc0-44f0-ae15-8fcb98fffe8d	freq	warmth	synthetic	condition_b	50.0
3f4278a9-fbc0-44f0-ae15-8fcb98fffe8d	freq	warmth	synthetic	condition_c	50.0
3f4278a9-fbc0-44f0-ae15-8fcb98fffe8d	freq	warmth	synthetic	condition_d	100.0
3f4278a9-fbc0-44f0-ae15-8fcb98fffe8d	reg	brightness	real	condition_a	0.0
3f4278a9-fbc0-44f0-ae15-8fcb98fffe8d	reg	brightness	real	condition_b	25.0
3f4278a9-fbc0-44f0-ae15-8fcb98fffe8d	reg	brightness	real	condition_c	25.0
3f4278a9-fbc0-44f0-ae15-8fcb98fffe8d	reg	brightness	real	condition_d	25.0
3f4278a9-fbc0-44f0-ae15-8fcb98fffe8d	reg	brightness	synthetic	condition_a	0.0
3f4278a9-fbc0-44f0-ae15-8fcb98fffe8d	reg	brightness	synthetic	condition_b	25.0
3f4278a9-fbc0-44f0-ae15-8fcb98fffe8d	reg	brightness	synthetic	condition_c	25.0
3f4278a9-fbc0-44f0-ae15-8fcb98fffe8d	reg	brightness	synthetic	condition_d	35.0
3f4278a9-fbc0-44f0-ae15-8fcb98fffe8d	reg	richness	real	condition_a	0.0
3f4278a9-fbc0-44f0-ae15-8fcb98fffe8d	reg	richness	real	condition_b	25.0
3f4278a9-fbc0-44f0-ae15-8fcb98fffe8d	reg	richness	real	condition_c	25.0
3f4278a9-fbc0-44f0-ae15-8fcb98fffe8d	reg	richness	real	condition_d	35.0
3f4278a9-fbc0-44f0-ae15-8fcb98fffe8d	reg	richness	synthetic	condition_a	0.0
3f4278a9-fbc0-44f0-ae15-8fcb98fffe8d	reg	richness	synthetic	condition_b	35.0
3f4278a9-fbc0-44f0-ae15-8fcb98fffe8d	reg	richness	synthetic	condition_c	25.0
3f4278a9-fbc0-44f0-ae15-8fcb98fffe8d	reg	richness	synthetic	condition_d	35.0
3f4278a9-fbc0-44f0-ae15-8fcb98fffe8d	reg	warmth	real	condition_a	0.0
3f4278a9-fbc0-44f0-ae15-8fcb98fffe8d	reg	warmth	real	condition_b	25.0
3f4278a9-fbc0-44f0-ae15-8fcb98fffe8d	reg	warmth	real	condition_c	25.0
3f4278a9-fbc0-44f0-ae15-8fcb98fffe8d	reg	warmth	real	condition_d	35.0
3f4278a9-fbc0-44f0-ae15-8fcb98fffe8d	reg	warmth	synthetic	condition_a	0.0
3f4278a9-fbc0-44f0-ae15-8fcb98fffe8d	reg	warmth	synthetic	condition_b	25.0
3f4278a9-fbc0-44f0-ae15-8fcb98fffe8d	reg	warmth	synthetic	condition_c	50.0
3f4278a9-fbc0-44f0-ae15-8fcb98fffe8d	reg	warmth	synthetic	condition_d	50.0
40a21663-7721-48dc-8e19-dc67093d4da7	amp	brightness	real	condition_a	31.0
40a21663-7721-48dc-8e19-dc67093d4da7	amp	brightness	real	condition_b	54.0
40a21663-7721-48dc-8e19-dc67093d4da7	amp	brightness	real	condition_c	77.0
40a21663-7721-48dc-8e19-dc67093d4da7	amp	brightness	real	condition_d	99.0
40a21663-7721-48dc-8e19-dc67093d4da7	amp	brightness	synthetic	condition_a	18.0
40a21663-7721-48dc-8e19-dc67093d4da7	amp	brightness	synthetic	condition_b	47.0
40a21663-7721-48dc-8e19-dc67093d4da7	amp	brightness	synthetic	condition_c	68.0
40a21663-7721-48dc-8e19-dc67093d4da7	amp	brightness	synthetic	condition_d	97.0
40a21663-7721-48dc-8e19-dc67093d4da7	amp	richness	real	condition_a	27.0
40a21663-7721-48dc-8e19-dc67093d4da7	amp	richness	real	condition_b	51.0
40a21663-7721-48dc-8e19-dc67093d4da7	amp	richness	real	condition_c	77.0
40a21663-7721-48dc-8e19-dc67093d4da7	amp	richness	real	condition_d	100.0
40a21663-7721-48dc-8e19-dc67093d4da7	amp	richness	synthetic	condition_a	24.0
40a21663-7721-48dc-8e19-dc67093d4da7	amp	richness	synthetic	condition_b	61.0
40a21663-7721-48dc-8e19-dc67093d4da7	amp	richness	synthetic	condition_c	40.0
40a21663-7721-48dc-8e19-dc67093d4da7	amp	richness	synthetic	condition_d	100.0
40a21663-7721-48dc-8e19-dc67093d4da7	amp	warmth	real	condition_a	43.0
40a21663-7721-48dc-8e19-dc67093d4da7	amp	warmth	real	condition_b	42.0
40a21663-7721-48dc-8e19-dc67093d4da7	amp	warmth	real	condition_c	75.0
40a21663-7721-48dc-8e19-dc67093d4da7	amp	warmth	real	condition_d	97.0
40a21663-7721-48dc-8e19-dc67093d4da7	amp	warmth	synthetic	condition_a	20.0
40a21663-7721-48dc-8e19-dc67093d4da7	amp	warmth	synthetic	condition_b	63.0
40a21663-7721-48dc-8e19-dc67093d4da7	amp	warmth	synthetic	condition_c	71.0
40a21663-7721-48dc-8e19-dc67093d4da7	amp	warmth	synthetic	condition_d	100.0
40a21663-7721-48dc-8e19-dc67093d4da7	freq	brightness	real	condition_a	28.0
40a21663-7721-48dc-8e19-dc67093d4da7	freq	brightness	real	condition_b	50.0
40a21663-7721-48dc-8e19-dc67093d4da7	freq	brightness	real	condition_c	73.0
40a21663-7721-48dc-8e19-dc67093d4da7	freq	brightness	real	condition_d	100.0
40a21663-7721-48dc-8e19-dc67093d4da7	freq	brightness	synthetic	condition_a	32.0
40a21663-7721-48dc-8e19-dc67093d4da7	freq	brightness	synthetic	condition_b	50.0
40a21663-7721-48dc-8e19-dc67093d4da7	freq	brightness	synthetic	condition_c	73.0
40a21663-7721-48dc-8e19-dc67093d4da7	freq	brightness	synthetic	condition_d	100.0
40a21663-7721-48dc-8e19-dc67093d4da7	freq	richness	real	condition_a	27.0
40a21663-7721-48dc-8e19-dc67093d4da7	freq	richness	real	condition_b	52.0
40a21663-7721-48dc-8e19-dc67093d4da7	freq	richness	real	condition_c	73.0
40a21663-7721-48dc-8e19-dc67093d4da7	freq	richness	real	condition_d	100.0
40a21663-7721-48dc-8e19-dc67093d4da7	freq	richness	synthetic	condition_a	28.0
40a21663-7721-48dc-8e19-dc67093d4da7	freq	richness	synthetic	condition_b	50.0
40a21663-7721-48dc-8e19-dc67093d4da7	freq	richness	synthetic	condition_c	74.0
40a21663-7721-48dc-8e19-dc67093d4da7	freq	richness	synthetic	condition_d	100.0
40a21663-7721-48dc-8e19-dc67093d4da7	freq	warmth	real	condition_a	28.0
40a21663-7721-48dc-8e19-dc67093d4da7	freq	warmth	real	condition_b	49.0
40a21663-7721-48dc-8e19-dc67093d4da7	freq	warmth	real	condition_c	75.0
40a21663-7721-48dc-8e19-dc67093d4da7	freq	warmth	real	condition_d	100.0
40a21663-7721-48dc-8e19-dc67093d4da7	freq	warmth	synthetic	condition_a	23.0
40a21663-7721-48dc-8e19-dc67093d4da7	freq	warmth	synthetic	condition_b	49.0
40a21663-7721-48dc-8e19-dc67093d4da7	freq	warmth	synthetic	condition_c	78.0
40a21663-7721-48dc-8e19-dc67093d4da7	freq	warmth	synthetic	condition_d	100.0
40a21663-7721-48dc-8e19-dc67093d4da7	reg	brightness	real	condition_a	23.0
40a21663-7721-48dc-8e19-dc67093d4da7	reg	brightness	real	condition_b	46.0
40a21663-7721-48dc-8e19-dc67093d4da7	reg	brightness	real	condition_c	73.0
40a21663-7721-48dc-8e19-dc67093d4da7	reg	brightness	real	condition_d	96.0
40a21663-7721-48dc-8e19-dc67093d4da7	reg	brightness	synthetic	condition_a	0.0
40a21663-7721-48dc-8e19-dc67093d4da7	reg	brightness	synthetic	condition_b	49.0
40a21663-7721-48dc-8e19-dc67093d4da7	reg	brightness	synthetic	condition_c	76.0
40a21663-7721-48dc-8e19-dc67093d4da7	reg	brightness	synthetic	condition_d	99.0
40a21663-7721-48dc-8e19-dc67093d4da7	reg	richness	real	condition_a	11.0
40a21663-7721-48dc-8e19-dc67093d4da7	reg	richness	real	condition_b	27.0
40a21663-7721-48dc-8e19-dc67093d4da7	reg	richness	real	condition_c	58.0
40a21663-7721-48dc-8e19-dc67093d4da7	reg	richness	real	condition_d	100.0
40a21663-7721-48dc-8e19-dc67093d4da7	reg	richness	synthetic	condition_a	0.0
40a21663-7721-48dc-8e19-dc67093d4da7	reg	richness	synthetic	condition_b	27.0
40a21663-7721-48dc-8e19-dc67093d4da7	reg	richness	synthetic	condition_c	41.0
40a21663-7721-48dc-8e19-dc67093d4da7	reg	richness	synthetic	condition_d	91.0
40a21663-7721-48dc-8e19-dc67093d4da7	reg	warmth	real	condition_a	0.0
40a21663-7721-48dc-8e19-dc67093d4da7	reg	warmth	real	condition_b	41.0
40a21663-7721-48dc-8e19-dc67093d4da7	reg	warmth	real	condition_c	57.0
40a21663-7721-48dc-8e19-dc67093d4da7	reg	warmth	real	condition_d	100.0
40a21663-7721-48dc-8e19-dc67093d4da7	reg	warmth	synthetic	condition_a	0.0
40a21663-7721-48dc-8e19-dc67093d4da7	reg	warmth	synthetic	condition_b	0.0
40a21663-7721-48dc-8e19-dc67093d4da7	reg	warmth	synthetic	condition_c	29.0
40a21663-7721-48dc-8e19-dc67093d4da7	reg	warmth	synthetic	condition_d	99.0
4a6166fa-7d49-4c1b-8326-2faa5e2d1c1b	amp	brightness	real	condition_a	21.0
4a6166fa-7d49-4c1b-8326-2faa5e2d1c1b	amp	brightness	real	condition_b	55.0
4a6166fa-7d49-4c1b-8326-2faa5e2d1c1b	amp	brightness	real	condition_c	82.0
4a6166fa-7d49-4c1b-8326-2faa5e2d1c1b	amp	brightness	real	condition_d	83.0
4a6166fa-7d49-4c1b-8326-2faa5e2d1c1b	amp	brightness	synthetic	condition_a	43.0
4a6166fa-7d49-4c1b-8326-2faa5e2d1c1b	amp	brightness	synthetic	condition_b	74.0
4a6166fa-7d49-4c1b-8326-2faa5e2d1c1b	amp	brightness	synthetic	condition_c	75.0
4a6166fa-7d49-4c1b-8326-2faa5e2d1c1b	amp	brightness	synthetic	condition_d	71.0
4a6166fa-7d49-4c1b-8326-2faa5e2d1c1b	amp	richness	real	condition_a	26.0
4a6166fa-7d49-4c1b-8326-2faa5e2d1c1b	amp	richness	real	condition_b	75.0
4a6166fa-7d49-4c1b-8326-2faa5e2d1c1b	amp	richness	real	condition_c	75.0
4a6166fa-7d49-4c1b-8326-2faa5e2d1c1b	amp	richness	real	condition_d	86.0
4a6166fa-7d49-4c1b-8326-2faa5e2d1c1b	amp	richness	synthetic	condition_a	26.0
4a6166fa-7d49-4c1b-8326-2faa5e2d1c1b	amp	richness	synthetic	condition_b	26.0
4a6166fa-7d49-4c1b-8326-2faa5e2d1c1b	amp	richness	synthetic	condition_c	74.0
4a6166fa-7d49-4c1b-8326-2faa5e2d1c1b	amp	richness	synthetic	condition_d	71.0
4a6166fa-7d49-4c1b-8326-2faa5e2d1c1b	amp	warmth	real	condition_a	19.0
4a6166fa-7d49-4c1b-8326-2faa5e2d1c1b	amp	warmth	real	condition_b	37.0
4a6166fa-7d49-4c1b-8326-2faa5e2d1c1b	amp	warmth	real	condition_c	37.0
4a6166fa-7d49-4c1b-8326-2faa5e2d1c1b	amp	warmth	real	condition_d	37.0
4a6166fa-7d49-4c1b-8326-2faa5e2d1c1b	amp	warmth	synthetic	condition_a	0.0
4a6166fa-7d49-4c1b-8326-2faa5e2d1c1b	amp	warmth	synthetic	condition_b	25.0
4a6166fa-7d49-4c1b-8326-2faa5e2d1c1b	amp	warmth	synthetic	condition_c	25.0
4a6166fa-7d49-4c1b-8326-2faa5e2d1c1b	amp	warmth	synthetic	condition_d	73.0
4a6166fa-7d49-4c1b-8326-2faa5e2d1c1b	freq	brightness	real	condition_a	29.0
4a6166fa-7d49-4c1b-8326-2faa5e2d1c1b	freq	brightness	real	condition_b	51.0
4a6166fa-7d49-4c1b-8326-2faa5e2d1c1b	freq	brightness	real	condition_c	68.0
4a6166fa-7d49-4c1b-8326-2faa5e2d1c1b	freq	brightness	real	condition_d	85.0
4a6166fa-7d49-4c1b-8326-2faa5e2d1c1b	freq	brightness	synthetic	condition_a	24.0
4a6166fa-7d49-4c1b-8326-2faa5e2d1c1b	freq	brightness	synthetic	condition_b	79.0
4a6166fa-7d49-4c1b-8326-2faa5e2d1c1b	freq	brightness	synthetic	condition_c	91.0
4a6166fa-7d49-4c1b-8326-2faa5e2d1c1b	freq	brightness	synthetic	condition_d	96.0
4a6166fa-7d49-4c1b-8326-2faa5e2d1c1b	freq	richness	real	condition_a	54.0
4a6166fa-7d49-4c1b-8326-2faa5e2d1c1b	freq	richness	real	condition_b	71.0
4a6166fa-7d49-4c1b-8326-2faa5e2d1c1b	freq	richness	real	condition_c	85.0
4a6166fa-7d49-4c1b-8326-2faa5e2d1c1b	freq	richness	real	condition_d	90.0
4a6166fa-7d49-4c1b-8326-2faa5e2d1c1b	freq	richness	synthetic	condition_a	40.0
4a6166fa-7d49-4c1b-8326-2faa5e2d1c1b	freq	richness	synthetic	condition_b	61.0
4a6166fa-7d49-4c1b-8326-2faa5e2d1c1b	freq	richness	synthetic	condition_c	77.0
4a6166fa-7d49-4c1b-8326-2faa5e2d1c1b	freq	richness	synthetic	condition_d	86.0
4a6166fa-7d49-4c1b-8326-2faa5e2d1c1b	freq	warmth	real	condition_a	15.0
4a6166fa-7d49-4c1b-8326-2faa5e2d1c1b	freq	warmth	real	condition_b	29.0
4a6166fa-7d49-4c1b-8326-2faa5e2d1c1b	freq	warmth	real	condition_c	56.0
4a6166fa-7d49-4c1b-8326-2faa5e2d1c1b	freq	warmth	real	condition_d	75.0
4a6166fa-7d49-4c1b-8326-2faa5e2d1c1b	freq	warmth	synthetic	condition_a	29.0
4a6166fa-7d49-4c1b-8326-2faa5e2d1c1b	freq	warmth	synthetic	condition_b	49.0
4a6166fa-7d49-4c1b-8326-2faa5e2d1c1b	freq	warmth	synthetic	condition_c	73.0
4a6166fa-7d49-4c1b-8326-2faa5e2d1c1b	freq	warmth	synthetic	condition_d	91.0
4a6166fa-7d49-4c1b-8326-2faa5e2d1c1b	reg	brightness	real	condition_a	7.0
4a6166fa-7d49-4c1b-8326-2faa5e2d1c1b	reg	brightness	real	condition_b	45.0
4a6166fa-7d49-4c1b-8326-2faa5e2d1c1b	reg	brightness	real	condition_c	73.0
4a6166fa-7d49-4c1b-8326-2faa5e2d1c1b	reg	brightness	real	condition_d	76.0
4a6166fa-7d49-4c1b-8326-2faa5e2d1c1b	reg	brightness	synthetic	condition_a	0.0
4a6166fa-7d49-4c1b-8326-2faa5e2d1c1b	reg	brightness	synthetic	condition_b	50.0
4a6166fa-7d49-4c1b-8326-2faa5e2d1c1b	reg	brightness	synthetic	condition_c	9.0
4a6166fa-7d49-4c1b-8326-2faa5e2d1c1b	reg	brightness	synthetic	condition_d	50.0
4a6166fa-7d49-4c1b-8326-2faa5e2d1c1b	reg	richness	real	condition_a	0.0
4a6166fa-7d49-4c1b-8326-2faa5e2d1c1b	reg	richness	real	condition_b	25.0
4a6166fa-7d49-4c1b-8326-2faa5e2d1c1b	reg	richness	real	condition_c	54.0
4a6166fa-7d49-4c1b-8326-2faa5e2d1c1b	reg	richness	real	condition_d	51.0
4a6166fa-7d49-4c1b-8326-2faa5e2d1c1b	reg	richness	synthetic	condition_a	0.0
4a6166fa-7d49-4c1b-8326-2faa5e2d1c1b	reg	richness	synthetic	condition_b	76.0
4a6166fa-7d49-4c1b-8326-2faa5e2d1c1b	reg	richness	synthetic	condition_c	75.0
4a6166fa-7d49-4c1b-8326-2faa5e2d1c1b	reg	richness	synthetic	condition_d	75.0
4a6166fa-7d49-4c1b-8326-2faa5e2d1c1b	reg	warmth	real	condition_a	0.0
4a6166fa-7d49-4c1b-8326-2faa5e2d1c1b	reg	warmth	real	condition_b	25.0
4a6166fa-7d49-4c1b-8326-2faa5e2d1c1b	reg	warmth	real	condition_c	53.0
4a6166fa-7d49-4c1b-8326-2faa5e2d1c1b	reg	warmth	real	condition_d	73.0
4a6166fa-7d49-4c1b-8326-2faa5e2d1c1b	reg	warmth	synthetic	condition_a	0.0
4a6166fa-7d49-4c1b-8326-2faa5e2d1c1b	reg	warmth	synthetic	condition_b	1.0
4a6166fa-7d49-4c1b-8326-2faa5e2d1c1b	reg	warmth	synthetic	condition_c	32.0
4a6166fa-7d49-4c1b-8326-2faa5e2d1c1b	reg	warmth	synthetic	condition_d	32.0
50454b69-6d11-43f4-aa94-d466080c88a2	amp	brightness	real	condition_a	23.0
50454b69-6d11-43f4-aa94-d466080c88a2	amp	brightness	real	condition_b	52.0
50454b69-6d11-43f4-aa94-d466080c88a2	amp	brightness	real	condition_c	40.0
50454b69-6d11-43f4-aa94-d466080c88a2	amp	brightness	real	condition_d	56.0
50454b69-6d11-43f4-aa94-d466080c88a2	amp	brightness	synthetic	condition_a	25.0
50454b69-6d11-43f4-aa94-d466080c88a2	amp	brightness	synthetic	condition_b	48.0
50454b69-6d11-43f4-aa94-d466080c88a2	amp	brightness	synthetic	condition_c	71.0
50454b69-6d11-43f4-aa94-d466080c88a2	amp	brightness	synthetic	condition_d	66.0
50454b69-6d11-43f4-aa94-d466080c88a2	amp	richness	real	condition_a	29.0
50454b69-6d11-43f4-aa94-d466080c88a2	amp	richness	real	condition_b	49.0
50454b69-6d11-43f4-aa94-d466080c88a2	amp	richness	real	condition_c	75.0
50454b69-6d11-43f4-aa94-d466080c88a2	amp	richness	real	condition_d	100.0
50454b69-6d11-43f4-aa94-d466080c88a2	amp	richness	synthetic	condition_a	26.0
50454b69-6d11-43f4-aa94-d466080c88a2	amp	richness	synthetic	condition_b	52.0
50454b69-6d11-43f4-aa94-d466080c88a2	amp	richness	synthetic	condition_c	75.0
50454b69-6d11-43f4-aa94-d466080c88a2	amp	richness	synthetic	condition_d	100.0
50454b69-6d11-43f4-aa94-d466080c88a2	amp	warmth	real	condition_a	28.0
50454b69-6d11-43f4-aa94-d466080c88a2	amp	warmth	real	condition_b	33.0
50454b69-6d11-43f4-aa94-d466080c88a2	amp	warmth	real	condition_c	55.0
50454b69-6d11-43f4-aa94-d466080c88a2	amp	warmth	real	condition_d	66.0
50454b69-6d11-43f4-aa94-d466080c88a2	amp	warmth	synthetic	condition_a	39.0
50454b69-6d11-43f4-aa94-d466080c88a2	amp	warmth	synthetic	condition_b	54.0
50454b69-6d11-43f4-aa94-d466080c88a2	amp	warmth	synthetic	condition_c	78.0
50454b69-6d11-43f4-aa94-d466080c88a2	amp	warmth	synthetic	condition_d	100.0
50454b69-6d11-43f4-aa94-d466080c88a2	freq	brightness	real	condition_a	31.0
50454b69-6d11-43f4-aa94-d466080c88a2	freq	brightness	real	condition_b	75.0
50454b69-6d11-43f4-aa94-d466080c88a2	freq	brightness	real	condition_c	91.0
50454b69-6d11-43f4-aa94-d466080c88a2	freq	brightness	real	condition_d	100.0
50454b69-6d11-43f4-aa94-d466080c88a2	freq	brightness	synthetic	condition_a	50.0
50454b69-6d11-43f4-aa94-d466080c88a2	freq	brightness	synthetic	condition_b	49.0
50454b69-6d11-43f4-aa94-d466080c88a2	freq	brightness	synthetic	condition_c	74.0
50454b69-6d11-43f4-aa94-d466080c88a2	freq	brightness	synthetic	condition_d	100.0
50454b69-6d11-43f4-aa94-d466080c88a2	freq	richness	real	condition_a	35.0
50454b69-6d11-43f4-aa94-d466080c88a2	freq	richness	real	condition_b	55.0
50454b69-6d11-43f4-aa94-d466080c88a2	freq	richness	real	condition_c	75.0
50454b69-6d11-43f4-aa94-d466080c88a2	freq	richness	real	condition_d	100.0
50454b69-6d11-43f4-aa94-d466080c88a2	freq	richness	synthetic	condition_a	45.0
50454b69-6d11-43f4-aa94-d466080c88a2	freq	richness	synthetic	condition_b	59.0
50454b69-6d11-43f4-aa94-d466080c88a2	freq	richness	synthetic	condition_c	85.0
50454b69-6d11-43f4-aa94-d466080c88a2	freq	richness	synthetic	condition_d	100.0
50454b69-6d11-43f4-aa94-d466080c88a2	freq	warmth	real	condition_a	30.0
50454b69-6d11-43f4-aa94-d466080c88a2	freq	warmth	real	condition_b	57.0
50454b69-6d11-43f4-aa94-d466080c88a2	freq	warmth	real	condition_c	73.0
50454b69-6d11-43f4-aa94-d466080c88a2	freq	warmth	real	condition_d	100.0
50454b69-6d11-43f4-aa94-d466080c88a2	freq	warmth	synthetic	condition_a	15.0
50454b69-6d11-43f4-aa94-d466080c88a2	freq	warmth	synthetic	condition_b	28.0
50454b69-6d11-43f4-aa94-d466080c88a2	freq	warmth	synthetic	condition_c	50.0
50454b69-6d11-43f4-aa94-d466080c88a2	freq	warmth	synthetic	condition_d	71.0
50454b69-6d11-43f4-aa94-d466080c88a2	reg	brightness	real	condition_a	0.0
50454b69-6d11-43f4-aa94-d466080c88a2	reg	brightness	real	condition_b	45.0
50454b69-6d11-43f4-aa94-d466080c88a2	reg	brightness	real	condition_c	29.0
50454b69-6d11-43f4-aa94-d466080c88a2	reg	brightness	real	condition_d	57.0
50454b69-6d11-43f4-aa94-d466080c88a2	reg	brightness	synthetic	condition_a	0.0
50454b69-6d11-43f4-aa94-d466080c88a2	reg	brightness	synthetic	condition_b	44.0
50454b69-6d11-43f4-aa94-d466080c88a2	reg	brightness	synthetic	condition_c	24.0
50454b69-6d11-43f4-aa94-d466080c88a2	reg	brightness	synthetic	condition_d	82.0
50454b69-6d11-43f4-aa94-d466080c88a2	reg	richness	real	condition_a	0.0
50454b69-6d11-43f4-aa94-d466080c88a2	reg	richness	real	condition_b	21.0
50454b69-6d11-43f4-aa94-d466080c88a2	reg	richness	real	condition_c	54.0
50454b69-6d11-43f4-aa94-d466080c88a2	reg	richness	real	condition_d	79.0
50454b69-6d11-43f4-aa94-d466080c88a2	reg	richness	synthetic	condition_a	4.0
50454b69-6d11-43f4-aa94-d466080c88a2	reg	richness	synthetic	condition_b	45.0
50454b69-6d11-43f4-aa94-d466080c88a2	reg	richness	synthetic	condition_c	47.0
50454b69-6d11-43f4-aa94-d466080c88a2	reg	richness	synthetic	condition_d	62.0
50454b69-6d11-43f4-aa94-d466080c88a2	reg	warmth	real	condition_a	18.0
50454b69-6d11-43f4-aa94-d466080c88a2	reg	warmth	real	condition_b	24.0
50454b69-6d11-43f4-aa94-d466080c88a2	reg	warmth	real	condition_c	85.0
50454b69-6d11-43f4-aa94-d466080c88a2	reg	warmth	real	condition_d	49.0
50454b69-6d11-43f4-aa94-d466080c88a2	reg	warmth	synthetic	condition_a	1.0
50454b69-6d11-43f4-aa94-d466080c88a2	reg	warmth	synthetic	condition_b	1.0
50454b69-6d11-43f4-aa94-d466080c88a2	reg	warmth	synthetic	condition_c	18.0
50454b69-6d11-43f4-aa94-d466080c88a2	reg	warmth	synthetic	condition_d	27.0
51cdbd13-1196-4de1-98de-7c48c5b68699	amp	brightness	real	condition_a	13.0
51cdbd13-1196-4de1-98de-7c48c5b68699	amp	brightness	real	condition_b	28.0
51cdbd13-1196-4de1-98de-7c48c5b68699	amp	brightness	real	condition_c	44.0
51cdbd13-1196-4de1-98de-7c48c5b68699	amp	brightness	real	condition_d	89.0
51cdbd13-1196-4de1-98de-7c48c5b68699	amp	brightness	synthetic	condition_a	33.0
51cdbd13-1196-4de1-98de-7c48c5b68699	amp	brightness	synthetic	condition_b	48.0
51cdbd13-1196-4de1-98de-7c48c5b68699	amp	brightness	synthetic	condition_c	61.0
51cdbd13-1196-4de1-98de-7c48c5b68699	amp	brightness	synthetic	condition_d	94.0
51cdbd13-1196-4de1-98de-7c48c5b68699	amp	richness	real	condition_a	14.0
51cdbd13-1196-4de1-98de-7c48c5b68699	amp	richness	real	condition_b	37.0
51cdbd13-1196-4de1-98de-7c48c5b68699	amp	richness	real	condition_c	73.0
51cdbd13-1196-4de1-98de-7c48c5b68699	amp	richness	real	condition_d	95.0
51cdbd13-1196-4de1-98de-7c48c5b68699	amp	richness	synthetic	condition_a	33.0
51cdbd13-1196-4de1-98de-7c48c5b68699	amp	richness	synthetic	condition_b	47.0
51cdbd13-1196-4de1-98de-7c48c5b68699	amp	richness	synthetic	condition_c	58.0
51cdbd13-1196-4de1-98de-7c48c5b68699	amp	richness	synthetic	condition_d	82.0
51cdbd13-1196-4de1-98de-7c48c5b68699	amp	warmth	real	condition_a	35.0
51cdbd13-1196-4de1-98de-7c48c5b68699	amp	warmth	real	condition_b	77.0
51cdbd13-1196-4de1-98de-7c48c5b68699	amp	warmth	real	condition_c	73.0
51cdbd13-1196-4de1-98de-7c48c5b68699	amp	warmth	real	condition_d	99.0
51cdbd13-1196-4de1-98de-7c48c5b68699	amp	warmth	synthetic	condition_a	13.0
51cdbd13-1196-4de1-98de-7c48c5b68699	amp	warmth	synthetic	condition_b	35.0
51cdbd13-1196-4de1-98de-7c48c5b68699	amp	warmth	synthetic	condition_c	55.0
51cdbd13-1196-4de1-98de-7c48c5b68699	amp	warmth	synthetic	condition_d	87.0
51cdbd13-1196-4de1-98de-7c48c5b68699	freq	brightness	real	condition_a	17.0
51cdbd13-1196-4de1-98de-7c48c5b68699	freq	brightness	real	condition_b	33.0
51cdbd13-1196-4de1-98de-7c48c5b68699	freq	brightness	real	condition_c	65.0
51cdbd13-1196-4de1-98de-7c48c5b68699	freq	brightness	real	condition_d	92.0
51cdbd13-1196-4de1-98de-7c48c5b68699	freq	brightness	synthetic	condition_a	35.0
51cdbd13-1196-4de1-98de-7c48c5b68699	freq	brightness	synthetic	condition_b	58.0
51cdbd13-1196-4de1-98de-7c48c5b68699	freq	brightness	synthetic	condition_c	48.0
51cdbd13-1196-4de1-98de-7c48c5b68699	freq	brightness	synthetic	condition_d	91.0
51cdbd13-1196-4de1-98de-7c48c5b68699	freq	richness	real	condition_a	23.0
51cdbd13-1196-4de1-98de-7c48c5b68699	freq	richness	real	condition_b	45.0
51cdbd13-1196-4de1-98de-7c48c5b68699	freq	richness	real	condition_c	61.0
51cdbd13-1196-4de1-98de-7c48c5b68699	freq	richness	real	condition_d	81.0
51cdbd13-1196-4de1-98de-7c48c5b68699	freq	richness	synthetic	condition_a	23.0
51cdbd13-1196-4de1-98de-7c48c5b68699	freq	richness	synthetic	condition_b	38.0
51cdbd13-1196-4de1-98de-7c48c5b68699	freq	richness	synthetic	condition_c	61.0
51cdbd13-1196-4de1-98de-7c48c5b68699	freq	richness	synthetic	condition_d	95.0
51cdbd13-1196-4de1-98de-7c48c5b68699	freq	warmth	real	condition_a	36.0
51cdbd13-1196-4de1-98de-7c48c5b68699	freq	warmth	real	condition_b	80.0
51cdbd13-1196-4de1-98de-7c48c5b68699	freq	warmth	real	condition_c	77.0
51cdbd13-1196-4de1-98de-7c48c5b68699	freq	warmth	real	condition_d	97.0
51cdbd13-1196-4de1-98de-7c48c5b68699	freq	warmth	synthetic	condition_a	50.0
51cdbd13-1196-4de1-98de-7c48c5b68699	freq	warmth	synthetic	condition_b	62.0
51cdbd13-1196-4de1-98de-7c48c5b68699	freq	warmth	synthetic	condition_c	75.0
51cdbd13-1196-4de1-98de-7c48c5b68699	freq	warmth	synthetic	condition_d	91.0
51cdbd13-1196-4de1-98de-7c48c5b68699	reg	brightness	real	condition_a	35.0
51cdbd13-1196-4de1-98de-7c48c5b68699	reg	brightness	real	condition_b	53.0
51cdbd13-1196-4de1-98de-7c48c5b68699	reg	brightness	real	condition_c	63.0
51cdbd13-1196-4de1-98de-7c48c5b68699	reg	brightness	real	condition_d	91.0
51cdbd13-1196-4de1-98de-7c48c5b68699	reg	brightness	synthetic	condition_a	39.0
51cdbd13-1196-4de1-98de-7c48c5b68699	reg	brightness	synthetic	condition_b	39.0
51cdbd13-1196-4de1-98de-7c48c5b68699	reg	brightness	synthetic	condition_c	58.0
51cdbd13-1196-4de1-98de-7c48c5b68699	reg	brightness	synthetic	condition_d	89.0
51cdbd13-1196-4de1-98de-7c48c5b68699	reg	richness	real	condition_a	19.0
51cdbd13-1196-4de1-98de-7c48c5b68699	reg	richness	real	condition_b	43.0
51cdbd13-1196-4de1-98de-7c48c5b68699	reg	richness	real	condition_c	63.0
51cdbd13-1196-4de1-98de-7c48c5b68699	reg	richness	real	condition_d	81.0
51cdbd13-1196-4de1-98de-7c48c5b68699	reg	richness	synthetic	condition_a	22.0
51cdbd13-1196-4de1-98de-7c48c5b68699	reg	richness	synthetic	condition_b	19.0
51cdbd13-1196-4de1-98de-7c48c5b68699	reg	richness	synthetic	condition_c	43.0
51cdbd13-1196-4de1-98de-7c48c5b68699	reg	richness	synthetic	condition_d	88.0
51cdbd13-1196-4de1-98de-7c48c5b68699	reg	warmth	real	condition_a	46.0
51cdbd13-1196-4de1-98de-7c48c5b68699	reg	warmth	real	condition_b	49.0
51cdbd13-1196-4de1-98de-7c48c5b68699	reg	warmth	real	condition_c	30.0
51cdbd13-1196-4de1-98de-7c48c5b68699	reg	warmth	real	condition_d	91.0
51cdbd13-1196-4de1-98de-7c48c5b68699	reg	warmth	synthetic	condition_a	36.0
51cdbd13-1196-4de1-98de-7c48c5b68699	reg	warmth	synthetic	condition_b	17.0
51cdbd13-1196-4de1-98de-7c48c5b68699	reg	warmth	synthetic	condition_c	67.0
51cdbd13-1196-4de1-98de-7c48c5b68699	reg	warmth	synthetic	condition_d	55.0
57eb4023-40aa-425a-b894-bc8f54e0e07a	amp	brightness	real	condition_a	25.0
57eb4023-40aa-425a-b894-bc8f54e0e07a	amp	brightness	real	condition_b	50.0
57eb4023-40aa-425a-b894-bc8f54e0e07a	amp	brightness	real	condition_c	75.0
57eb4023-40aa-425a-b894-bc8f54e0e07a	amp	brightness	real	condition_d	100.0
57eb4023-40aa-425a-b894-bc8f54e0e07a	amp	brightness	synthetic	condition_a	50.0
57eb4023-40aa-425a-b894-bc8f54e0e07a	amp	brightness	synthetic	condition_b	75.0
57eb4023-40aa-425a-b894-bc8f54e0e07a	amp	brightness	synthetic	condition_c	100.0
57eb4023-40aa-425a-b894-bc8f54e0e07a	amp	brightness	synthetic	condition_d	99.0
57eb4023-40aa-425a-b894-bc8f54e0e07a	amp	richness	real	condition_a	50.0
57eb4023-40aa-425a-b894-bc8f54e0e07a	amp	richness	real	condition_b	75.0
57eb4023-40aa-425a-b894-bc8f54e0e07a	amp	richness	real	condition_c	75.0
57eb4023-40aa-425a-b894-bc8f54e0e07a	amp	richness	real	condition_d	98.0
57eb4023-40aa-425a-b894-bc8f54e0e07a	amp	richness	synthetic	condition_a	25.0
57eb4023-40aa-425a-b894-bc8f54e0e07a	amp	richness	synthetic	condition_b	50.0
57eb4023-40aa-425a-b894-bc8f54e0e07a	amp	richness	synthetic	condition_c	75.0
57eb4023-40aa-425a-b894-bc8f54e0e07a	amp	richness	synthetic	condition_d	100.0
57eb4023-40aa-425a-b894-bc8f54e0e07a	amp	warmth	real	condition_a	5.0
57eb4023-40aa-425a-b894-bc8f54e0e07a	amp	warmth	real	condition_b	50.0
57eb4023-40aa-425a-b894-bc8f54e0e07a	amp	warmth	real	condition_c	75.0
57eb4023-40aa-425a-b894-bc8f54e0e07a	amp	warmth	real	condition_d	50.0
57eb4023-40aa-425a-b894-bc8f54e0e07a	amp	warmth	synthetic	condition_a	10.0
57eb4023-40aa-425a-b894-bc8f54e0e07a	amp	warmth	synthetic	condition_b	25.0
57eb4023-40aa-425a-b894-bc8f54e0e07a	amp	warmth	synthetic	condition_c	50.0
57eb4023-40aa-425a-b894-bc8f54e0e07a	amp	warmth	synthetic	condition_d	50.0
57eb4023-40aa-425a-b894-bc8f54e0e07a	freq	brightness	real	condition_a	25.0
57eb4023-40aa-425a-b894-bc8f54e0e07a	freq	brightness	real	condition_b	50.0
57eb4023-40aa-425a-b894-bc8f54e0e07a	freq	brightness	real	condition_c	75.0
57eb4023-40aa-425a-b894-bc8f54e0e07a	freq	brightness	real	condition_d	100.0
57eb4023-40aa-425a-b894-bc8f54e0e07a	freq	brightness	synthetic	condition_a	50.0
57eb4023-40aa-425a-b894-bc8f54e0e07a	freq	brightness	synthetic	condition_b	75.0
57eb4023-40aa-425a-b894-bc8f54e0e07a	freq	brightness	synthetic	condition_c	75.0
57eb4023-40aa-425a-b894-bc8f54e0e07a	freq	brightness	synthetic	condition_d	95.0
57eb4023-40aa-425a-b894-bc8f54e0e07a	freq	richness	real	condition_a	25.0
57eb4023-40aa-425a-b894-bc8f54e0e07a	freq	richness	real	condition_b	50.0
57eb4023-40aa-425a-b894-bc8f54e0e07a	freq	richness	real	condition_c	75.0
57eb4023-40aa-425a-b894-bc8f54e0e07a	freq	richness	real	condition_d	100.0
57eb4023-40aa-425a-b894-bc8f54e0e07a	freq	richness	synthetic	condition_a	50.0
57eb4023-40aa-425a-b894-bc8f54e0e07a	freq	richness	synthetic	condition_b	50.0
57eb4023-40aa-425a-b894-bc8f54e0e07a	freq	richness	synthetic	condition_c	100.0
57eb4023-40aa-425a-b894-bc8f54e0e07a	freq	richness	synthetic	condition_d	0.0
57eb4023-40aa-425a-b894-bc8f54e0e07a	freq	warmth	real	condition_a	5.0
57eb4023-40aa-425a-b894-bc8f54e0e07a	freq	warmth	real	condition_b	50.0
57eb4023-40aa-425a-b894-bc8f54e0e07a	freq	warmth	real	condition_c	80.0
57eb4023-40aa-425a-b894-bc8f54e0e07a	freq	warmth	real	condition_d	100.0
57eb4023-40aa-425a-b894-bc8f54e0e07a	freq	warmth	synthetic	condition_a	0.0
57eb4023-40aa-425a-b894-bc8f54e0e07a	freq	warmth	synthetic	condition_b	25.0
57eb4023-40aa-425a-b894-bc8f54e0e07a	freq	warmth	synthetic	condition_c	75.0
57eb4023-40aa-425a-b894-bc8f54e0e07a	freq	warmth	synthetic	condition_d	100.0
57eb4023-40aa-425a-b894-bc8f54e0e07a	reg	brightness	real	condition_a	50.0
57eb4023-40aa-425a-b894-bc8f54e0e07a	reg	brightness	real	condition_b	25.0
57eb4023-40aa-425a-b894-bc8f54e0e07a	reg	brightness	real	condition_c	75.0
57eb4023-40aa-425a-b894-bc8f54e0e07a	reg	brightness	real	condition_d	75.0
57eb4023-40aa-425a-b894-bc8f54e0e07a	reg	brightness	synthetic	condition_a	50.0
57eb4023-40aa-425a-b894-bc8f54e0e07a	reg	brightness	synthetic	condition_b	50.0
57eb4023-40aa-425a-b894-bc8f54e0e07a	reg	brightness	synthetic	condition_c	50.0
57eb4023-40aa-425a-b894-bc8f54e0e07a	reg	brightness	synthetic	condition_d	75.0
57eb4023-40aa-425a-b894-bc8f54e0e07a	reg	richness	real	condition_a	0.0
57eb4023-40aa-425a-b894-bc8f54e0e07a	reg	richness	real	condition_b	75.0
57eb4023-40aa-425a-b894-bc8f54e0e07a	reg	richness	real	condition_c	50.0
57eb4023-40aa-425a-b894-bc8f54e0e07a	reg	richness	real	condition_d	75.0
57eb4023-40aa-425a-b894-bc8f54e0e07a	reg	richness	synthetic	condition_a	50.0
57eb4023-40aa-425a-b894-bc8f54e0e07a	reg	richness	synthetic	condition_b	25.0
57eb4023-40aa-425a-b894-bc8f54e0e07a	reg	richness	synthetic	condition_c	75.0
57eb4023-40aa-425a-b894-bc8f54e0e07a	reg	richness	synthetic	condition_d	75.0
57eb4023-40aa-425a-b894-bc8f54e0e07a	reg	warmth	real	condition_a	25.0
57eb4023-40aa-425a-b894-bc8f54e0e07a	reg	warmth	real	condition_b	50.0
57eb4023-40aa-425a-b894-bc8f54e0e07a	reg	warmth	real	condition_c	75.0
57eb4023-40aa-425a-b894-bc8f54e0e07a	reg	warmth	real	condition_d	100.0
57eb4023-40aa-425a-b894-bc8f54e0e07a	reg	warmth	synthetic	condition_a	0.0
57eb4023-40aa-425a-b894-bc8f54e0e07a	reg	warmth	synthetic	condition_b	75.0
57eb4023-40aa-425a-b894-bc8f54e0e07a	reg	warmth	synthetic	condition_c	50.0
57eb4023-40aa-425a-b894-bc8f54e0e07a	reg	warmth	synthetic	condition_d	50.0
6726c168-ddf2-4557-bd73-feadce1b5161	amp	brightness	real	condition_a	44.0
6726c168-ddf2-4557-bd73-feadce1b5161	amp	brightness	real	condition_b	73.0
6726c168-ddf2-4557-bd73-feadce1b5161	amp	brightness	real	condition_c	100.0
6726c168-ddf2-4557-bd73-feadce1b5161	amp	brightness	real	condition_d	84.0
6726c168-ddf2-4557-bd73-feadce1b5161	amp	brightness	synthetic	condition_a	48.0
6726c168-ddf2-4557-bd73-feadce1b5161	amp	brightness	synthetic	condition_b	62.0
6726c168-ddf2-4557-bd73-feadce1b5161	amp	brightness	synthetic	condition_c	78.0
6726c168-ddf2-4557-bd73-feadce1b5161	amp	brightness	synthetic	condition_d	100.0
6726c168-ddf2-4557-bd73-feadce1b5161	amp	richness	real	condition_a	18.0
6726c168-ddf2-4557-bd73-feadce1b5161	amp	richness	real	condition_b	55.0
6726c168-ddf2-4557-bd73-feadce1b5161	amp	richness	real	condition_c	52.0
6726c168-ddf2-4557-bd73-feadce1b5161	amp	richness	real	condition_d	78.0
6726c168-ddf2-4557-bd73-feadce1b5161	amp	richness	synthetic	condition_a	32.0
6726c168-ddf2-4557-bd73-feadce1b5161	amp	richness	synthetic	condition_b	58.0
6726c168-ddf2-4557-bd73-feadce1b5161	amp	richness	synthetic	condition_c	75.0
6726c168-ddf2-4557-bd73-feadce1b5161	amp	richness	synthetic	condition_d	78.0
6726c168-ddf2-4557-bd73-feadce1b5161	amp	warmth	real	condition_a	40.0
6726c168-ddf2-4557-bd73-feadce1b5161	amp	warmth	real	condition_b	44.0
6726c168-ddf2-4557-bd73-feadce1b5161	amp	warmth	real	condition_c	32.0
6726c168-ddf2-4557-bd73-feadce1b5161	amp	warmth	real	condition_d	74.0
6726c168-ddf2-4557-bd73-feadce1b5161	amp	warmth	synthetic	condition_a	10.0
6726c168-ddf2-4557-bd73-feadce1b5161	amp	warmth	synthetic	condition_b	45.0
6726c168-ddf2-4557-bd73-feadce1b5161	amp	warmth	synthetic	condition_c	92.0
6726c168-ddf2-4557-bd73-feadce1b5161	amp	warmth	synthetic	condition_d	32.0
6726c168-ddf2-4557-bd73-feadce1b5161	freq	brightness	real	condition_a	39.0
6726c168-ddf2-4557-bd73-feadce1b5161	freq	brightness	real	condition_b	42.0
6726c168-ddf2-4557-bd73-feadce1b5161	freq	brightness	real	condition_c	75.0
6726c168-ddf2-4557-bd73-feadce1b5161	freq	brightness	real	condition_d	100.0
6726c168-ddf2-4557-bd73-feadce1b5161	freq	brightness	synthetic	condition_a	30.0
6726c168-ddf2-4557-bd73-feadce1b5161	freq	brightness	synthetic	condition_b	69.0
6726c168-ddf2-4557-bd73-feadce1b5161	freq	brightness	synthetic	condition_c	85.0
6726c168-ddf2-4557-bd73-feadce1b5161	freq	brightness	synthetic	condition_d	100.0
6726c168-ddf2-4557-bd73-feadce1b5161	freq	richness	real	condition_a	42.0
6726c168-ddf2-4557-bd73-feadce1b5161	freq	richness	real	condition_b	58.0
6726c168-ddf2-4557-bd73-feadce1b5161	freq	richness	real	condition_c	71.0
6726c168-ddf2-4557-bd73-feadce1b5161	freq	richness	real	condition_d	100.0
6726c168-ddf2-4557-bd73-feadce1b5161	freq	richness	synthetic	condition_a	28.0
6726c168-ddf2-4557-bd73-feadce1b5161	freq	richness	synthetic	condition_b	55.0
6726c168-ddf2-4557-bd73-feadce1b5161	freq	richness	synthetic	condition_c	76.0
6726c168-ddf2-4557-bd73-feadce1b5161	freq	richness	synthetic	condition_d	100.0
6726c168-ddf2-4557-bd73-feadce1b5161	freq	warmth	real	condition_a	38.0
6726c168-ddf2-4557-bd73-feadce1b5161	freq	warmth	real	condition_b	51.0
6726c168-ddf2-4557-bd73-feadce1b5161	freq	warmth	real	condition_c	75.0
6726c168-ddf2-4557-bd73-feadce1b5161	freq	warmth	real	condition_d	100.0
6726c168-ddf2-4557-bd73-feadce1b5161	freq	warmth	synthetic	condition_a	29.0
6726c168-ddf2-4557-bd73-feadce1b5161	freq	warmth	synthetic	condition_b	37.0
6726c168-ddf2-4557-bd73-feadce1b5161	freq	warmth	synthetic	condition_c	53.0
6726c168-ddf2-4557-bd73-feadce1b5161	freq	warmth	synthetic	condition_d	100.0
6726c168-ddf2-4557-bd73-feadce1b5161	reg	brightness	real	condition_a	41.0
6726c168-ddf2-4557-bd73-feadce1b5161	reg	brightness	real	condition_b	67.0
6726c168-ddf2-4557-bd73-feadce1b5161	reg	brightness	real	condition_c	88.0
6726c168-ddf2-4557-bd73-feadce1b5161	reg	brightness	real	condition_d	72.0
6726c168-ddf2-4557-bd73-feadce1b5161	reg	brightness	synthetic	condition_a	2.0
6726c168-ddf2-4557-bd73-feadce1b5161	reg	brightness	synthetic	condition_b	69.0
6726c168-ddf2-4557-bd73-feadce1b5161	reg	brightness	synthetic	condition_c	100.0
6726c168-ddf2-4557-bd73-feadce1b5161	reg	brightness	synthetic	condition_d	100.0
6726c168-ddf2-4557-bd73-feadce1b5161	reg	richness	real	condition_a	9.0
6726c168-ddf2-4557-bd73-feadce1b5161	reg	richness	real	condition_b	15.0
6726c168-ddf2-4557-bd73-feadce1b5161	reg	richness	real	condition_c	29.0
6726c168-ddf2-4557-bd73-feadce1b5161	reg	richness	real	condition_d	73.0
6726c168-ddf2-4557-bd73-feadce1b5161	reg	richness	synthetic	condition_a	28.0
6726c168-ddf2-4557-bd73-feadce1b5161	reg	richness	synthetic	condition_b	36.0
6726c168-ddf2-4557-bd73-feadce1b5161	reg	richness	synthetic	condition_c	57.0
6726c168-ddf2-4557-bd73-feadce1b5161	reg	richness	synthetic	condition_d	80.0
6726c168-ddf2-4557-bd73-feadce1b5161	reg	warmth	real	condition_a	15.0
6726c168-ddf2-4557-bd73-feadce1b5161	reg	warmth	real	condition_b	34.0
6726c168-ddf2-4557-bd73-feadce1b5161	reg	warmth	real	condition_c	77.0
6726c168-ddf2-4557-bd73-feadce1b5161	reg	warmth	real	condition_d	45.0
6726c168-ddf2-4557-bd73-feadce1b5161	reg	warmth	synthetic	condition_a	6.0
6726c168-ddf2-4557-bd73-feadce1b5161	reg	warmth	synthetic	condition_b	36.0
6726c168-ddf2-4557-bd73-feadce1b5161	reg	warmth	synthetic	condition_c	25.0
6726c168-ddf2-4557-bd73-feadce1b5161	reg	warmth	synthetic	condition_d	66.0
6a333fd9-dd94-4e23-af3d-2070f907ad6b	amp	brightness	real	condition_a	33.0
6a333fd9-dd94-4e23-af3d-2070f907ad6b	amp	brightness	real	condition_b	54.0
6a333fd9-dd94-4e23-af3d-2070f907ad6b	amp	brightness	real	condition_c	77.0
6a333fd9-dd94-4e23-af3d-2070f907ad6b	amp	brightness	real	condition_d	89.0
6a333fd9-dd94-4e23-af3d-2070f907ad6b	amp	brightness	synthetic	condition_a	29.0
6a333fd9-dd94-4e23-af3d-2070f907ad6b	amp	brightness	synthetic	condition_b	40.0
6a333fd9-dd94-4e23-af3d-2070f907ad6b	amp	brightness	synthetic	condition_c	66.0
6a333fd9-dd94-4e23-af3d-2070f907ad6b	amp	brightness	synthetic	condition_d	93.0
6a333fd9-dd94-4e23-af3d-2070f907ad6b	amp	richness	real	condition_a	17.0
6a333fd9-dd94-4e23-af3d-2070f907ad6b	amp	richness	real	condition_b	37.0
6a333fd9-dd94-4e23-af3d-2070f907ad6b	amp	richness	real	condition_c	56.0
6a333fd9-dd94-4e23-af3d-2070f907ad6b	amp	richness	real	condition_d	65.0
6a333fd9-dd94-4e23-af3d-2070f907ad6b	amp	richness	synthetic	condition_a	27.0
6a333fd9-dd94-4e23-af3d-2070f907ad6b	amp	richness	synthetic	condition_b	55.0
6a333fd9-dd94-4e23-af3d-2070f907ad6b	amp	richness	synthetic	condition_c	62.0
6a333fd9-dd94-4e23-af3d-2070f907ad6b	amp	richness	synthetic	condition_d	62.0
6a333fd9-dd94-4e23-af3d-2070f907ad6b	amp	warmth	real	condition_a	25.0
6a333fd9-dd94-4e23-af3d-2070f907ad6b	amp	warmth	real	condition_b	75.0
6a333fd9-dd94-4e23-af3d-2070f907ad6b	amp	warmth	real	condition_c	83.0
6a333fd9-dd94-4e23-af3d-2070f907ad6b	amp	warmth	real	condition_d	83.0
6a333fd9-dd94-4e23-af3d-2070f907ad6b	amp	warmth	synthetic	condition_a	6.0
6a333fd9-dd94-4e23-af3d-2070f907ad6b	amp	warmth	synthetic	condition_b	59.0
6a333fd9-dd94-4e23-af3d-2070f907ad6b	amp	warmth	synthetic	condition_c	76.0
6a333fd9-dd94-4e23-af3d-2070f907ad6b	amp	warmth	synthetic	condition_d	75.0
6a333fd9-dd94-4e23-af3d-2070f907ad6b	freq	brightness	real	condition_a	52.0
6a333fd9-dd94-4e23-af3d-2070f907ad6b	freq	brightness	real	condition_b	73.0
6a333fd9-dd94-4e23-af3d-2070f907ad6b	freq	brightness	real	condition_c	88.0
6a333fd9-dd94-4e23-af3d-2070f907ad6b	freq	brightness	real	condition_d	100.0
6a333fd9-dd94-4e23-af3d-2070f907ad6b	freq	brightness	synthetic	condition_a	51.0
6a333fd9-dd94-4e23-af3d-2070f907ad6b	freq	brightness	synthetic	condition_b	63.0
6a333fd9-dd94-4e23-af3d-2070f907ad6b	freq	brightness	synthetic	condition_c	70.0
6a333fd9-dd94-4e23-af3d-2070f907ad6b	freq	brightness	synthetic	condition_d	83.0
6a333fd9-dd94-4e23-af3d-2070f907ad6b	freq	richness	real	condition_a	45.0
6a333fd9-dd94-4e23-af3d-2070f907ad6b	freq	richness	real	condition_b	65.0
6a333fd9-dd94-4e23-af3d-2070f907ad6b	freq	richness	real	condition_c	82.0
6a333fd9-dd94-4e23-af3d-2070f907ad6b	freq	richness	real	condition_d	100.0
6a333fd9-dd94-4e23-af3d-2070f907ad6b	freq	richness	synthetic	condition_a	11.0
6a333fd9-dd94-4e23-af3d-2070f907ad6b	freq	richness	synthetic	condition_b	59.0
6a333fd9-dd94-4e23-af3d-2070f907ad6b	freq	richness	synthetic	condition_c	77.0
6a333fd9-dd94-4e23-af3d-2070f907ad6b	freq	richness	synthetic	condition_d	87.0
6a333fd9-dd94-4e23-af3d-2070f907ad6b	freq	warmth	real	condition_a	23.0
6a333fd9-dd94-4e23-af3d-2070f907ad6b	freq	warmth	real	condition_b	57.0
6a333fd9-dd94-4e23-af3d-2070f907ad6b	freq	warmth	real	condition_c	75.0
6a333fd9-dd94-4e23-af3d-2070f907ad6b	freq	warmth	real	condition_d	93.0
6a333fd9-dd94-4e23-af3d-2070f907ad6b	freq	warmth	synthetic	condition_a	27.0
6a333fd9-dd94-4e23-af3d-2070f907ad6b	freq	warmth	synthetic	condition_b	39.0
6a333fd9-dd94-4e23-af3d-2070f907ad6b	freq	warmth	synthetic	condition_c	77.0
6a333fd9-dd94-4e23-af3d-2070f907ad6b	freq	warmth	synthetic	condition_d	93.0
6a333fd9-dd94-4e23-af3d-2070f907ad6b	reg	brightness	real	condition_a	0.0
6a333fd9-dd94-4e23-af3d-2070f907ad6b	reg	brightness	real	condition_b	43.0
6a333fd9-dd94-4e23-af3d-2070f907ad6b	reg	brightness	real	condition_c	42.0
6a333fd9-dd94-4e23-af3d-2070f907ad6b	reg	brightness	real	condition_d	43.0
6a333fd9-dd94-4e23-af3d-2070f907ad6b	reg	brightness	synthetic	condition_a	0.0
6a333fd9-dd94-4e23-af3d-2070f907ad6b	reg	brightness	synthetic	condition_b	29.0
6a333fd9-dd94-4e23-af3d-2070f907ad6b	reg	brightness	synthetic	condition_c	63.0
6a333fd9-dd94-4e23-af3d-2070f907ad6b	reg	brightness	synthetic	condition_d	68.0
6a333fd9-dd94-4e23-af3d-2070f907ad6b	reg	richness	real	condition_a	0.0
6a333fd9-dd94-4e23-af3d-2070f907ad6b	reg	richness	real	condition_b	11.0
6a333fd9-dd94-4e23-af3d-2070f907ad6b	reg	richness	real	condition_c	49.0
6a333fd9-dd94-4e23-af3d-2070f907ad6b	reg	richness	real	condition_d	63.0
6a333fd9-dd94-4e23-af3d-2070f907ad6b	reg	richness	synthetic	condition_a	0.0
6a333fd9-dd94-4e23-af3d-2070f907ad6b	reg	richness	synthetic	condition_b	11.0
6a333fd9-dd94-4e23-af3d-2070f907ad6b	reg	richness	synthetic	condition_c	37.0
6a333fd9-dd94-4e23-af3d-2070f907ad6b	reg	richness	synthetic	condition_d	33.0
6a333fd9-dd94-4e23-af3d-2070f907ad6b	reg	warmth	real	condition_a	0.0
6a333fd9-dd94-4e23-af3d-2070f907ad6b	reg	warmth	real	condition_b	9.0
6a333fd9-dd94-4e23-af3d-2070f907ad6b	reg	warmth	real	condition_c	13.0
6a333fd9-dd94-4e23-af3d-2070f907ad6b	reg	warmth	real	condition_d	20.0
6a333fd9-dd94-4e23-af3d-2070f907ad6b	reg	warmth	synthetic	condition_a	0.0
6a333fd9-dd94-4e23-af3d-2070f907ad6b	reg	warmth	synthetic	condition_b	6.0
6a333fd9-dd94-4e23-af3d-2070f907ad6b	reg	warmth	synthetic	condition_c	15.0
6a333fd9-dd94-4e23-af3d-2070f907ad6b	reg	warmth	synthetic	condition_d	16.0
75a96be7-f5d4-46a0-8d9f-5bb5af5d4904	amp	brightness	real	condition_a	28.0
75a96be7-f5d4-46a0-8d9f-5bb5af5d4904	amp	brightness	real	condition_b	57.0
75a96be7-f5d4-46a0-8d9f-5bb5af5d4904	amp	brightness	real	condition_c	77.0
75a96be7-f5d4-46a0-8d9f-5bb5af5d4904	amp	brightness	real	condition_d	100.0
75a96be7-f5d4-46a0-8d9f-5bb5af5d4904	amp	brightness	synthetic	condition_a	29.0
75a96be7-f5d4-46a0-8d9f-5bb5af5d4904	amp	brightness	synthetic	condition_b	52.0
75a96be7-f5d4-46a0-8d9f-5bb5af5d4904	amp	brightness	synthetic	condition_c	80.0
75a96be7-f5d4-46a0-8d9f-5bb5af5d4904	amp	brightness	synthetic	condition_d	100.0
75a96be7-f5d4-46a0-8d9f-5bb5af5d4904	amp	richness	real	condition_a	28.0
75a96be7-f5d4-46a0-8d9f-5bb5af5d4904	amp	richness	real	condition_b	45.0
75a96be7-f5d4-46a0-8d9f-5bb5af5d4904	amp	richness	real	condition_c	64.0
75a96be7-f5d4-46a0-8d9f-5bb5af5d4904	amp	richness	real	condition_d	100.0
75a96be7-f5d4-46a0-8d9f-5bb5af5d4904	amp	richness	synthetic	condition_a	19.0
75a96be7-f5d4-46a0-8d9f-5bb5af5d4904	amp	richness	synthetic	condition_b	52.0
75a96be7-f5d4-46a0-8d9f-5bb5af5d4904	amp	richness	synthetic	condition_c	74.0
75a96be7-f5d4-46a0-8d9f-5bb5af5d4904	amp	richness	synthetic	condition_d	100.0
75a96be7-f5d4-46a0-8d9f-5bb5af5d4904	amp	warmth	real	condition_a	35.0
75a96be7-f5d4-46a0-8d9f-5bb5af5d4904	amp	warmth	real	condition_b	55.0
75a96be7-f5d4-46a0-8d9f-5bb5af5d4904	amp	warmth	real	condition_c	86.0
75a96be7-f5d4-46a0-8d9f-5bb5af5d4904	amp	warmth	real	condition_d	100.0
75a96be7-f5d4-46a0-8d9f-5bb5af5d4904	amp	warmth	synthetic	condition_a	27.0
75a96be7-f5d4-46a0-8d9f-5bb5af5d4904	amp	warmth	synthetic	condition_b	69.0
75a96be7-f5d4-46a0-8d9f-5bb5af5d4904	amp	warmth	synthetic	condition_c	75.0
75a96be7-f5d4-46a0-8d9f-5bb5af5d4904	amp	warmth	synthetic	condition_d	100.0
75a96be7-f5d4-46a0-8d9f-5bb5af5d4904	freq	brightness	real	condition_a	33.0
75a96be7-f5d4-46a0-8d9f-5bb5af5d4904	freq	brightness	real	condition_b	51.0
75a96be7-f5d4-46a0-8d9f-5bb5af5d4904	freq	brightness	real	condition_c	78.0
75a96be7-f5d4-46a0-8d9f-5bb5af5d4904	freq	brightness	real	condition_d	99.0
75a96be7-f5d4-46a0-8d9f-5bb5af5d4904	freq	brightness	synthetic	condition_a	22.0
75a96be7-f5d4-46a0-8d9f-5bb5af5d4904	freq	brightness	synthetic	condition_b	47.0
75a96be7-f5d4-46a0-8d9f-5bb5af5d4904	freq	brightness	synthetic	condition_c	82.0
75a96be7-f5d4-46a0-8d9f-5bb5af5d4904	freq	brightness	synthetic	condition_d	100.0
75a96be7-f5d4-46a0-8d9f-5bb5af5d4904	freq	richness	real	condition_a	24.0
75a96be7-f5d4-46a0-8d9f-5bb5af5d4904	freq	richness	real	condition_b	43.0
75a96be7-f5d4-46a0-8d9f-5bb5af5d4904	freq	richness	real	condition_c	73.0
75a96be7-f5d4-46a0-8d9f-5bb5af5d4904	freq	richness	real	condition_d	100.0
75a96be7-f5d4-46a0-8d9f-5bb5af5d4904	freq	richness	synthetic	condition_a	32.0
75a96be7-f5d4-46a0-8d9f-5bb5af5d4904	freq	richness	synthetic	condition_b	58.0
75a96be7-f5d4-46a0-8d9f-5bb5af5d4904	freq	richness	synthetic	condition_c	77.0
75a96be7-f5d4-46a0-8d9f-5bb5af5d4904	freq	richness	synthetic	condition_d	100.0
75a96be7-f5d4-46a0-8d9f-5bb5af5d4904	freq	warmth	real	condition_a	25.0
75a96be7-f5d4-46a0-8d9f-5bb5af5d4904	freq	warmth	real	condition_b	40.0
75a96be7-f5d4-46a0-8d9f-5bb5af5d4904	freq	warmth	real	condition_c	59.0
75a96be7-f5d4-46a0-8d9f-5bb5af5d4904	freq	warmth	real	condition_d	100.0
75a96be7-f5d4-46a0-8d9f-5bb5af5d4904	freq	warmth	synthetic	condition_a	37.0
75a96be7-f5d4-46a0-8d9f-5bb5af5d4904	freq	warmth	synthetic	condition_b	48.0
75a96be7-f5d4-46a0-8d9f-5bb5af5d4904	freq	warmth	synthetic	condition_c	78.0
75a96be7-f5d4-46a0-8d9f-5bb5af5d4904	freq	warmth	synthetic	condition_d	100.0
75a96be7-f5d4-46a0-8d9f-5bb5af5d4904	reg	brightness	real	condition_a	14.0
75a96be7-f5d4-46a0-8d9f-5bb5af5d4904	reg	brightness	real	condition_b	25.0
75a96be7-f5d4-46a0-8d9f-5bb5af5d4904	reg	brightness	real	condition_c	50.0
75a96be7-f5d4-46a0-8d9f-5bb5af5d4904	reg	brightness	real	condition_d	100.0
75a96be7-f5d4-46a0-8d9f-5bb5af5d4904	reg	brightness	synthetic	condition_a	0.0
75a96be7-f5d4-46a0-8d9f-5bb5af5d4904	reg	brightness	synthetic	condition_b	47.0
75a96be7-f5d4-46a0-8d9f-5bb5af5d4904	reg	brightness	synthetic	condition_c	74.0
75a96be7-f5d4-46a0-8d9f-5bb5af5d4904	reg	brightness	synthetic	condition_d	100.0
75a96be7-f5d4-46a0-8d9f-5bb5af5d4904	reg	richness	real	condition_a	8.0
75a96be7-f5d4-46a0-8d9f-5bb5af5d4904	reg	richness	real	condition_b	21.0
75a96be7-f5d4-46a0-8d9f-5bb5af5d4904	reg	richness	real	condition_c	48.0
75a96be7-f5d4-46a0-8d9f-5bb5af5d4904	reg	richness	real	condition_d	87.0
75a96be7-f5d4-46a0-8d9f-5bb5af5d4904	reg	richness	synthetic	condition_a	0.0
75a96be7-f5d4-46a0-8d9f-5bb5af5d4904	reg	richness	synthetic	condition_b	38.0
75a96be7-f5d4-46a0-8d9f-5bb5af5d4904	reg	richness	synthetic	condition_c	51.0
75a96be7-f5d4-46a0-8d9f-5bb5af5d4904	reg	richness	synthetic	condition_d	99.0
75a96be7-f5d4-46a0-8d9f-5bb5af5d4904	reg	warmth	real	condition_a	15.0
75a96be7-f5d4-46a0-8d9f-5bb5af5d4904	reg	warmth	real	condition_b	49.0
75a96be7-f5d4-46a0-8d9f-5bb5af5d4904	reg	warmth	real	condition_c	99.0
75a96be7-f5d4-46a0-8d9f-5bb5af5d4904	reg	warmth	real	condition_d	100.0
75a96be7-f5d4-46a0-8d9f-5bb5af5d4904	reg	warmth	synthetic	condition_a	22.0
75a96be7-f5d4-46a0-8d9f-5bb5af5d4904	reg	warmth	synthetic	condition_b	50.0
75a96be7-f5d4-46a0-8d9f-5bb5af5d4904	reg	warmth	synthetic	condition_c	76.0
75a96be7-f5d4-46a0-8d9f-5bb5af5d4904	reg	warmth	synthetic	condition_d	83.0
83e2c3ae-62b7-4691-abb9-3c8584eafc00	amp	brightness	real	condition_a	75.0
83e2c3ae-62b7-4691-abb9-3c8584eafc00	amp	brightness	real	condition_b	97.0
83e2c3ae-62b7-4691-abb9-3c8584eafc00	amp	brightness	real	condition_c	99.0
83e2c3ae-62b7-4691-abb9-3c8584eafc00	amp	brightness	real	condition_d	99.0
83e2c3ae-62b7-4691-abb9-3c8584eafc00	amp	brightness	synthetic	condition_a	99.0
83e2c3ae-62b7-4691-abb9-3c8584eafc00	amp	brightness	synthetic	condition_b	99.0
83e2c3ae-62b7-4691-abb9-3c8584eafc00	amp	brightness	synthetic	condition_c	99.0
83e2c3ae-62b7-4691-abb9-3c8584eafc00	amp	brightness	synthetic	condition_d	99.0
83e2c3ae-62b7-4691-abb9-3c8584eafc00	amp	richness	real	condition_a	23.0
83e2c3ae-62b7-4691-abb9-3c8584eafc00	amp	richness	real	condition_b	55.0
83e2c3ae-62b7-4691-abb9-3c8584eafc00	amp	richness	real	condition_c	73.0
83e2c3ae-62b7-4691-abb9-3c8584eafc00	amp	richness	real	condition_d	98.0
83e2c3ae-62b7-4691-abb9-3c8584eafc00	amp	richness	synthetic	condition_a	51.0
83e2c3ae-62b7-4691-abb9-3c8584eafc00	amp	richness	synthetic	condition_b	74.0
83e2c3ae-62b7-4691-abb9-3c8584eafc00	amp	richness	synthetic	condition_c	97.0
83e2c3ae-62b7-4691-abb9-3c8584eafc00	amp	richness	synthetic	condition_d	97.0
83e2c3ae-62b7-4691-abb9-3c8584eafc00	amp	warmth	real	condition_a	48.0
83e2c3ae-62b7-4691-abb9-3c8584eafc00	amp	warmth	real	condition_b	27.0
83e2c3ae-62b7-4691-abb9-3c8584eafc00	amp	warmth	real	condition_c	43.0
83e2c3ae-62b7-4691-abb9-3c8584eafc00	amp	warmth	real	condition_d	72.0
83e2c3ae-62b7-4691-abb9-3c8584eafc00	amp	warmth	synthetic	condition_a	64.0
83e2c3ae-62b7-4691-abb9-3c8584eafc00	amp	warmth	synthetic	condition_b	66.0
83e2c3ae-62b7-4691-abb9-3c8584eafc00	amp	warmth	synthetic	condition_c	71.0
83e2c3ae-62b7-4691-abb9-3c8584eafc00	amp	warmth	synthetic	condition_d	79.0
83e2c3ae-62b7-4691-abb9-3c8584eafc00	freq	brightness	real	condition_a	44.0
83e2c3ae-62b7-4691-abb9-3c8584eafc00	freq	brightness	real	condition_b	52.0
83e2c3ae-62b7-4691-abb9-3c8584eafc00	freq	brightness	real	condition_c	100.0
83e2c3ae-62b7-4691-abb9-3c8584eafc00	freq	brightness	real	condition_d	100.0
83e2c3ae-62b7-4691-abb9-3c8584eafc00	freq	brightness	synthetic	condition_a	24.0
83e2c3ae-62b7-4691-abb9-3c8584eafc00	freq	brightness	synthetic	condition_b	73.0
83e2c3ae-62b7-4691-abb9-3c8584eafc00	freq	brightness	synthetic	condition_c	77.0
83e2c3ae-62b7-4691-abb9-3c8584eafc00	freq	brightness	synthetic	condition_d	99.0
83e2c3ae-62b7-4691-abb9-3c8584eafc00	freq	richness	real	condition_a	84.0
83e2c3ae-62b7-4691-abb9-3c8584eafc00	freq	richness	real	condition_b	97.0
83e2c3ae-62b7-4691-abb9-3c8584eafc00	freq	richness	real	condition_c	100.0
83e2c3ae-62b7-4691-abb9-3c8584eafc00	freq	richness	real	condition_d	99.0
83e2c3ae-62b7-4691-abb9-3c8584eafc00	freq	richness	synthetic	condition_a	72.0
83e2c3ae-62b7-4691-abb9-3c8584eafc00	freq	richness	synthetic	condition_b	75.0
83e2c3ae-62b7-4691-abb9-3c8584eafc00	freq	richness	synthetic	condition_c	100.0
83e2c3ae-62b7-4691-abb9-3c8584eafc00	freq	richness	synthetic	condition_d	100.0
83e2c3ae-62b7-4691-abb9-3c8584eafc00	freq	warmth	real	condition_a	53.0
83e2c3ae-62b7-4691-abb9-3c8584eafc00	freq	warmth	real	condition_b	76.0
83e2c3ae-62b7-4691-abb9-3c8584eafc00	freq	warmth	real	condition_c	98.0
83e2c3ae-62b7-4691-abb9-3c8584eafc00	freq	warmth	real	condition_d	98.0
83e2c3ae-62b7-4691-abb9-3c8584eafc00	freq	warmth	synthetic	condition_a	24.0
83e2c3ae-62b7-4691-abb9-3c8584eafc00	freq	warmth	synthetic	condition_b	38.0
83e2c3ae-62b7-4691-abb9-3c8584eafc00	freq	warmth	synthetic	condition_c	76.0
83e2c3ae-62b7-4691-abb9-3c8584eafc00	freq	warmth	synthetic	condition_d	97.0
83e2c3ae-62b7-4691-abb9-3c8584eafc00	reg	brightness	real	condition_a	71.0
83e2c3ae-62b7-4691-abb9-3c8584eafc00	reg	brightness	real	condition_b	85.0
83e2c3ae-62b7-4691-abb9-3c8584eafc00	reg	brightness	real	condition_c	95.0
83e2c3ae-62b7-4691-abb9-3c8584eafc00	reg	brightness	real	condition_d	97.0
83e2c3ae-62b7-4691-abb9-3c8584eafc00	reg	brightness	synthetic	condition_a	11.0
83e2c3ae-62b7-4691-abb9-3c8584eafc00	reg	brightness	synthetic	condition_b	96.0
83e2c3ae-62b7-4691-abb9-3c8584eafc00	reg	brightness	synthetic	condition_c	97.0
83e2c3ae-62b7-4691-abb9-3c8584eafc00	reg	brightness	synthetic	condition_d	48.0
83e2c3ae-62b7-4691-abb9-3c8584eafc00	reg	richness	real	condition_a	4.0
83e2c3ae-62b7-4691-abb9-3c8584eafc00	reg	richness	real	condition_b	45.0
83e2c3ae-62b7-4691-abb9-3c8584eafc00	reg	richness	real	condition_c	53.0
83e2c3ae-62b7-4691-abb9-3c8584eafc00	reg	richness	real	condition_d	49.0
83e2c3ae-62b7-4691-abb9-3c8584eafc00	reg	richness	synthetic	condition_a	21.0
83e2c3ae-62b7-4691-abb9-3c8584eafc00	reg	richness	synthetic	condition_b	24.0
83e2c3ae-62b7-4691-abb9-3c8584eafc00	reg	richness	synthetic	condition_c	52.0
83e2c3ae-62b7-4691-abb9-3c8584eafc00	reg	richness	synthetic	condition_d	51.0
83e2c3ae-62b7-4691-abb9-3c8584eafc00	reg	warmth	real	condition_a	24.0
83e2c3ae-62b7-4691-abb9-3c8584eafc00	reg	warmth	real	condition_b	26.0
83e2c3ae-62b7-4691-abb9-3c8584eafc00	reg	warmth	real	condition_c	27.0
83e2c3ae-62b7-4691-abb9-3c8584eafc00	reg	warmth	real	condition_d	51.0
83e2c3ae-62b7-4691-abb9-3c8584eafc00	reg	warmth	synthetic	condition_a	8.0
83e2c3ae-62b7-4691-abb9-3c8584eafc00	reg	warmth	synthetic	condition_b	74.0
83e2c3ae-62b7-4691-abb9-3c8584eafc00	reg	warmth	synthetic	condition_c	86.0
83e2c3ae-62b7-4691-abb9-3c8584eafc00	reg	warmth	synthetic	condition_d	97.0
87746028-77e6-49db-84fe-b78511f1770b	amp	brightness	real	condition_a	14.0
87746028-77e6-49db-84fe-b78511f1770b	amp	brightness	real	condition_b	83.0
87746028-77e6-49db-84fe-b78511f1770b	amp	brightness	real	condition_c	34.0
87746028-77e6-49db-84fe-b78511f1770b	amp	brightness	real	condition_d	100.0
87746028-77e6-49db-84fe-b78511f1770b	amp	brightness	synthetic	condition_a	55.0
87746028-77e6-49db-84fe-b78511f1770b	amp	brightness	synthetic	condition_b	61.0
87746028-77e6-49db-84fe-b78511f1770b	amp	brightness	synthetic	condition_c	84.0
87746028-77e6-49db-84fe-b78511f1770b	amp	brightness	synthetic	condition_d	100.0
87746028-77e6-49db-84fe-b78511f1770b	amp	richness	real	condition_a	27.0
87746028-77e6-49db-84fe-b78511f1770b	amp	richness	real	condition_b	73.0
87746028-77e6-49db-84fe-b78511f1770b	amp	richness	real	condition_c	93.0
87746028-77e6-49db-84fe-b78511f1770b	amp	richness	real	condition_d	100.0
87746028-77e6-49db-84fe-b78511f1770b	amp	richness	synthetic	condition_a	11.0
87746028-77e6-49db-84fe-b78511f1770b	amp	richness	synthetic	condition_b	62.0
87746028-77e6-49db-84fe-b78511f1770b	amp	richness	synthetic	condition_c	72.0
87746028-77e6-49db-84fe-b78511f1770b	amp	richness	synthetic	condition_d	89.0
87746028-77e6-49db-84fe-b78511f1770b	amp	warmth	real	condition_a	40.0
87746028-77e6-49db-84fe-b78511f1770b	amp	warmth	real	condition_b	68.0
87746028-77e6-49db-84fe-b78511f1770b	amp	warmth	real	condition_c	87.0
87746028-77e6-49db-84fe-b78511f1770b	amp	warmth	real	condition_d	95.0
87746028-77e6-49db-84fe-b78511f1770b	amp	warmth	synthetic	condition_a	8.0
87746028-77e6-49db-84fe-b78511f1770b	amp	warmth	synthetic	condition_b	92.0
87746028-77e6-49db-84fe-b78511f1770b	amp	warmth	synthetic	condition_c	95.0
87746028-77e6-49db-84fe-b78511f1770b	amp	warmth	synthetic	condition_d	52.0
87746028-77e6-49db-84fe-b78511f1770b	freq	brightness	real	condition_a	10.0
87746028-77e6-49db-84fe-b78511f1770b	freq	brightness	real	condition_b	39.0
87746028-77e6-49db-84fe-b78511f1770b	freq	brightness	real	condition_c	88.0
87746028-77e6-49db-84fe-b78511f1770b	freq	brightness	real	condition_d	97.0
87746028-77e6-49db-84fe-b78511f1770b	freq	brightness	synthetic	condition_a	17.0
87746028-77e6-49db-84fe-b78511f1770b	freq	brightness	synthetic	condition_b	54.0
87746028-77e6-49db-84fe-b78511f1770b	freq	brightness	synthetic	condition_c	86.0
87746028-77e6-49db-84fe-b78511f1770b	freq	brightness	synthetic	condition_d	100.0
87746028-77e6-49db-84fe-b78511f1770b	freq	richness	real	condition_a	38.0
87746028-77e6-49db-84fe-b78511f1770b	freq	richness	real	condition_b	64.0
87746028-77e6-49db-84fe-b78511f1770b	freq	richness	real	condition_c	75.0
87746028-77e6-49db-84fe-b78511f1770b	freq	richness	real	condition_d	97.0
87746028-77e6-49db-84fe-b78511f1770b	freq	richness	synthetic	condition_a	8.0
87746028-77e6-49db-84fe-b78511f1770b	freq	richness	synthetic	condition_b	82.0
87746028-77e6-49db-84fe-b78511f1770b	freq	richness	synthetic	condition_c	86.0
87746028-77e6-49db-84fe-b78511f1770b	freq	richness	synthetic	condition_d	93.0
87746028-77e6-49db-84fe-b78511f1770b	freq	warmth	real	condition_a	41.0
87746028-77e6-49db-84fe-b78511f1770b	freq	warmth	real	condition_b	50.0
87746028-77e6-49db-84fe-b78511f1770b	freq	warmth	real	condition_c	70.0
87746028-77e6-49db-84fe-b78511f1770b	freq	warmth	real	condition_d	88.0
87746028-77e6-49db-84fe-b78511f1770b	freq	warmth	synthetic	condition_a	2.0
87746028-77e6-49db-84fe-b78511f1770b	freq	warmth	synthetic	condition_b	22.0
87746028-77e6-49db-84fe-b78511f1770b	freq	warmth	synthetic	condition_c	48.0
87746028-77e6-49db-84fe-b78511f1770b	freq	warmth	synthetic	condition_d	77.0
87746028-77e6-49db-84fe-b78511f1770b	reg	brightness	real	condition_a	1.0
87746028-77e6-49db-84fe-b78511f1770b	reg	brightness	real	condition_b	14.0
87746028-77e6-49db-84fe-b78511f1770b	reg	brightness	real	condition_c	100.0
87746028-77e6-49db-84fe-b78511f1770b	reg	brightness	real	condition_d	100.0
87746028-77e6-49db-84fe-b78511f1770b	reg	brightness	synthetic	condition_a	42.0
87746028-77e6-49db-84fe-b78511f1770b	reg	brightness	synthetic	condition_b	61.0
87746028-77e6-49db-84fe-b78511f1770b	reg	brightness	synthetic	condition_c	88.0
87746028-77e6-49db-84fe-b78511f1770b	reg	brightness	synthetic	condition_d	100.0
87746028-77e6-49db-84fe-b78511f1770b	reg	richness	real	condition_a	7.0
87746028-77e6-49db-84fe-b78511f1770b	reg	richness	real	condition_b	77.0
87746028-77e6-49db-84fe-b78511f1770b	reg	richness	real	condition_c	56.0
87746028-77e6-49db-84fe-b78511f1770b	reg	richness	real	condition_d	97.0
87746028-77e6-49db-84fe-b78511f1770b	reg	richness	synthetic	condition_a	8.0
87746028-77e6-49db-84fe-b78511f1770b	reg	richness	synthetic	condition_b	33.0
87746028-77e6-49db-84fe-b78511f1770b	reg	richness	synthetic	condition_c	82.0
87746028-77e6-49db-84fe-b78511f1770b	reg	richness	synthetic	condition_d	81.0
87746028-77e6-49db-84fe-b78511f1770b	reg	warmth	real	condition_a	4.0
87746028-77e6-49db-84fe-b78511f1770b	reg	warmth	real	condition_b	4.0
87746028-77e6-49db-84fe-b78511f1770b	reg	warmth	real	condition_c	7.0
87746028-77e6-49db-84fe-b78511f1770b	reg	warmth	real	condition_d	44.0
87746028-77e6-49db-84fe-b78511f1770b	reg	warmth	synthetic	condition_a	5.0
87746028-77e6-49db-84fe-b78511f1770b	reg	warmth	synthetic	condition_b	5.0
87746028-77e6-49db-84fe-b78511f1770b	reg	warmth	synthetic	condition_c	5.0
87746028-77e6-49db-84fe-b78511f1770b	reg	warmth	synthetic	condition_d	6.0
933550f2-ac04-4dfd-91ee-d7d6d1eaf021	amp	brightness	real	condition_a	0.0
933550f2-ac04-4dfd-91ee-d7d6d1eaf021	amp	brightness	real	condition_b	51.0
933550f2-ac04-4dfd-91ee-d7d6d1eaf021	amp	brightness	real	condition_c	71.0
933550f2-ac04-4dfd-91ee-d7d6d1eaf021	amp	brightness	real	condition_d	81.0
933550f2-ac04-4dfd-91ee-d7d6d1eaf021	amp	brightness	synthetic	condition_a	21.0
933550f2-ac04-4dfd-91ee-d7d6d1eaf021	amp	brightness	synthetic	condition_b	42.0
933550f2-ac04-4dfd-91ee-d7d6d1eaf021	amp	brightness	synthetic	condition_c	67.0
933550f2-ac04-4dfd-91ee-d7d6d1eaf021	amp	brightness	synthetic	condition_d	57.0
933550f2-ac04-4dfd-91ee-d7d6d1eaf021	amp	richness	real	condition_a	35.0
933550f2-ac04-4dfd-91ee-d7d6d1eaf021	amp	richness	real	condition_b	22.0
933550f2-ac04-4dfd-91ee-d7d6d1eaf021	amp	richness	real	condition_c	59.0
933550f2-ac04-4dfd-91ee-d7d6d1eaf021	amp	richness	real	condition_d	57.0
933550f2-ac04-4dfd-91ee-d7d6d1eaf021	amp	richness	synthetic	condition_a	60.0
933550f2-ac04-4dfd-91ee-d7d6d1eaf021	amp	richness	synthetic	condition_b	61.0
933550f2-ac04-4dfd-91ee-d7d6d1eaf021	amp	richness	synthetic	condition_c	61.0
933550f2-ac04-4dfd-91ee-d7d6d1eaf021	amp	richness	synthetic	condition_d	80.0
933550f2-ac04-4dfd-91ee-d7d6d1eaf021	amp	warmth	real	condition_a	15.0
933550f2-ac04-4dfd-91ee-d7d6d1eaf021	amp	warmth	real	condition_b	23.0
933550f2-ac04-4dfd-91ee-d7d6d1eaf021	amp	warmth	real	condition_c	37.0
933550f2-ac04-4dfd-91ee-d7d6d1eaf021	amp	warmth	real	condition_d	80.0
933550f2-ac04-4dfd-91ee-d7d6d1eaf021	amp	warmth	synthetic	condition_a	7.0
933550f2-ac04-4dfd-91ee-d7d6d1eaf021	amp	warmth	synthetic	condition_b	19.0
933550f2-ac04-4dfd-91ee-d7d6d1eaf021	amp	warmth	synthetic	condition_c	43.0
933550f2-ac04-4dfd-91ee-d7d6d1eaf021	amp	warmth	synthetic	condition_d	49.0
933550f2-ac04-4dfd-91ee-d7d6d1eaf021	freq	brightness	real	condition_a	11.0
933550f2-ac04-4dfd-91ee-d7d6d1eaf021	freq	brightness	real	condition_b	37.0
933550f2-ac04-4dfd-91ee-d7d6d1eaf021	freq	brightness	real	condition_c	72.0
933550f2-ac04-4dfd-91ee-d7d6d1eaf021	freq	brightness	real	condition_d	87.0
933550f2-ac04-4dfd-91ee-d7d6d1eaf021	freq	brightness	synthetic	condition_a	24.0
933550f2-ac04-4dfd-91ee-d7d6d1eaf021	freq	brightness	synthetic	condition_b	41.0
933550f2-ac04-4dfd-91ee-d7d6d1eaf021	freq	brightness	synthetic	condition_c	79.0
933550f2-ac04-4dfd-91ee-d7d6d1eaf021	freq	brightness	synthetic	condition_d	88.0
933550f2-ac04-4dfd-91ee-d7d6d1eaf021	freq	richness	real	condition_a	39.0
933550f2-ac04-4dfd-91ee-d7d6d1eaf021	freq	richness	real	condition_b	63.0
933550f2-ac04-4dfd-91ee-d7d6d1eaf021	freq	richness	real	condition_c	82.0
933550f2-ac04-4dfd-91ee-d7d6d1eaf021	freq	richness	real	condition_d	84.0
933550f2-ac04-4dfd-91ee-d7d6d1eaf021	freq	richness	synthetic	condition_a	18.0
933550f2-ac04-4dfd-91ee-d7d6d1eaf021	freq	richness	synthetic	condition_b	41.0
933550f2-ac04-4dfd-91ee-d7d6d1eaf021	freq	richness	synthetic	condition_c	92.0
933550f2-ac04-4dfd-91ee-d7d6d1eaf021	freq	richness	synthetic	condition_d	100.0
933550f2-ac04-4dfd-91ee-d7d6d1eaf021	freq	warmth	real	condition_a	12.0
933550f2-ac04-4dfd-91ee-d7d6d1eaf021	freq	warmth	real	condition_b	83.0
933550f2-ac04-4dfd-91ee-d7d6d1eaf021	freq	warmth	real	condition_c	31.0
933550f2-ac04-4dfd-91ee-d7d6d1eaf021	freq	warmth	real	condition_d	91.0
933550f2-ac04-4dfd-91ee-d7d6d1eaf021	freq	warmth	synthetic	condition_a	0.0
933550f2-ac04-4dfd-91ee-d7d6d1eaf021	freq	warmth	synthetic	condition_b	66.0
933550f2-ac04-4dfd-91ee-d7d6d1eaf021	freq	warmth	synthetic	condition_c	42.0
933550f2-ac04-4dfd-91ee-d7d6d1eaf021	freq	warmth	synthetic	condition_d	26.0
933550f2-ac04-4dfd-91ee-d7d6d1eaf021	reg	brightness	real	condition_a	3.0
933550f2-ac04-4dfd-91ee-d7d6d1eaf021	reg	brightness	real	condition_b	59.0
933550f2-ac04-4dfd-91ee-d7d6d1eaf021	reg	brightness	real	condition_c	63.0
933550f2-ac04-4dfd-91ee-d7d6d1eaf021	reg	brightness	real	condition_d	37.0
933550f2-ac04-4dfd-91ee-d7d6d1eaf021	reg	brightness	synthetic	condition_a	0.0
933550f2-ac04-4dfd-91ee-d7d6d1eaf021	reg	brightness	synthetic	condition_b	39.0
933550f2-ac04-4dfd-91ee-d7d6d1eaf021	reg	brightness	synthetic	condition_c	61.0
933550f2-ac04-4dfd-91ee-d7d6d1eaf021	reg	brightness	synthetic	condition_d	14.0
933550f2-ac04-4dfd-91ee-d7d6d1eaf021	reg	richness	real	condition_a	29.0
933550f2-ac04-4dfd-91ee-d7d6d1eaf021	reg	richness	real	condition_b	25.0
933550f2-ac04-4dfd-91ee-d7d6d1eaf021	reg	richness	real	condition_c	42.0
933550f2-ac04-4dfd-91ee-d7d6d1eaf021	reg	richness	real	condition_d	24.0
933550f2-ac04-4dfd-91ee-d7d6d1eaf021	reg	richness	synthetic	condition_a	0.0
933550f2-ac04-4dfd-91ee-d7d6d1eaf021	reg	richness	synthetic	condition_b	0.0
933550f2-ac04-4dfd-91ee-d7d6d1eaf021	reg	richness	synthetic	condition_c	32.0
933550f2-ac04-4dfd-91ee-d7d6d1eaf021	reg	richness	synthetic	condition_d	16.0
933550f2-ac04-4dfd-91ee-d7d6d1eaf021	reg	warmth	real	condition_a	0.0
933550f2-ac04-4dfd-91ee-d7d6d1eaf021	reg	warmth	real	condition_b	1.0
933550f2-ac04-4dfd-91ee-d7d6d1eaf021	reg	warmth	real	condition_c	15.0
933550f2-ac04-4dfd-91ee-d7d6d1eaf021	reg	warmth	real	condition_d	0.0
933550f2-ac04-4dfd-91ee-d7d6d1eaf021	reg	warmth	synthetic	condition_a	0.0
933550f2-ac04-4dfd-91ee-d7d6d1eaf021	reg	warmth	synthetic	condition_b	5.0
933550f2-ac04-4dfd-91ee-d7d6d1eaf021	reg	warmth	synthetic	condition_c	0.0
933550f2-ac04-4dfd-91ee-d7d6d1eaf021	reg	warmth	synthetic	condition_d	0.0
a095623a-8fe9-4741-8195-872ca4459d9c	amp	brightness	real	condition_a	15.0
a095623a-8fe9-4741-8195-872ca4459d9c	amp	brightness	real	condition_b	30.0
a095623a-8fe9-4741-8195-872ca4459d9c	amp	brightness	real	condition_c	70.0
a095623a-8fe9-4741-8195-872ca4459d9c	amp	brightness	real	condition_d	70.0
a095623a-8fe9-4741-8195-872ca4459d9c	amp	brightness	synthetic	condition_a	15.0
a095623a-8fe9-4741-8195-872ca4459d9c	amp	brightness	synthetic	condition_b	25.0
a095623a-8fe9-4741-8195-872ca4459d9c	amp	brightness	synthetic	condition_c	45.0
a095623a-8fe9-4741-8195-872ca4459d9c	amp	brightness	synthetic	condition_d	75.0
a095623a-8fe9-4741-8195-872ca4459d9c	amp	richness	real	condition_a	15.0
a095623a-8fe9-4741-8195-872ca4459d9c	amp	richness	real	condition_b	25.0
a095623a-8fe9-4741-8195-872ca4459d9c	amp	richness	real	condition_c	35.0
a095623a-8fe9-4741-8195-872ca4459d9c	amp	richness	real	condition_d	75.0
a095623a-8fe9-4741-8195-872ca4459d9c	amp	richness	synthetic	condition_a	40.0
a095623a-8fe9-4741-8195-872ca4459d9c	amp	richness	synthetic	condition_b	50.0
a095623a-8fe9-4741-8195-872ca4459d9c	amp	richness	synthetic	condition_c	50.0
a095623a-8fe9-4741-8195-872ca4459d9c	amp	richness	synthetic	condition_d	75.0
a095623a-8fe9-4741-8195-872ca4459d9c	amp	warmth	real	condition_a	10.0
a095623a-8fe9-4741-8195-872ca4459d9c	amp	warmth	real	condition_b	20.0
a095623a-8fe9-4741-8195-872ca4459d9c	amp	warmth	real	condition_c	20.0
a095623a-8fe9-4741-8195-872ca4459d9c	amp	warmth	real	condition_d	65.0
a095623a-8fe9-4741-8195-872ca4459d9c	amp	warmth	synthetic	condition_a	10.0
a095623a-8fe9-4741-8195-872ca4459d9c	amp	warmth	synthetic	condition_b	25.0
a095623a-8fe9-4741-8195-872ca4459d9c	amp	warmth	synthetic	condition_c	25.0
a095623a-8fe9-4741-8195-872ca4459d9c	amp	warmth	synthetic	condition_d	40.0
a095623a-8fe9-4741-8195-872ca4459d9c	freq	brightness	real	condition_a	60.0
a095623a-8fe9-4741-8195-872ca4459d9c	freq	brightness	real	condition_b	80.0
a095623a-8fe9-4741-8195-872ca4459d9c	freq	brightness	real	condition_c	90.0
a095623a-8fe9-4741-8195-872ca4459d9c	freq	brightness	real	condition_d	100.0
a095623a-8fe9-4741-8195-872ca4459d9c	freq	brightness	synthetic	condition_a	90.0
a095623a-8fe9-4741-8195-872ca4459d9c	freq	brightness	synthetic	condition_b	75.0
a095623a-8fe9-4741-8195-872ca4459d9c	freq	brightness	synthetic	condition_c	80.0
a095623a-8fe9-4741-8195-872ca4459d9c	freq	brightness	synthetic	condition_d	100.0
a095623a-8fe9-4741-8195-872ca4459d9c	freq	richness	real	condition_a	25.0
a095623a-8fe9-4741-8195-872ca4459d9c	freq	richness	real	condition_b	40.0
a095623a-8fe9-4741-8195-872ca4459d9c	freq	richness	real	condition_c	50.0
a095623a-8fe9-4741-8195-872ca4459d9c	freq	richness	real	condition_d	70.0
a095623a-8fe9-4741-8195-872ca4459d9c	freq	richness	synthetic	condition_a	70.0
a095623a-8fe9-4741-8195-872ca4459d9c	freq	richness	synthetic	condition_b	80.0
a095623a-8fe9-4741-8195-872ca4459d9c	freq	richness	synthetic	condition_c	90.0
a095623a-8fe9-4741-8195-872ca4459d9c	freq	richness	synthetic	condition_d	100.0
a095623a-8fe9-4741-8195-872ca4459d9c	freq	warmth	real	condition_a	30.0
a095623a-8fe9-4741-8195-872ca4459d9c	freq	warmth	real	condition_b	50.0
a095623a-8fe9-4741-8195-872ca4459d9c	freq	warmth	real	condition_c	75.0
a095623a-8fe9-4741-8195-872ca4459d9c	freq	warmth	real	condition_d	100.0
a095623a-8fe9-4741-8195-872ca4459d9c	freq	warmth	synthetic	condition_a	20.0
a095623a-8fe9-4741-8195-872ca4459d9c	freq	warmth	synthetic	condition_b	35.0
a095623a-8fe9-4741-8195-872ca4459d9c	freq	warmth	synthetic	condition_c	50.0
a095623a-8fe9-4741-8195-872ca4459d9c	freq	warmth	synthetic	condition_d	75.0
a095623a-8fe9-4741-8195-872ca4459d9c	reg	brightness	real	condition_a	0.0
a095623a-8fe9-4741-8195-872ca4459d9c	reg	brightness	real	condition_b	40.0
a095623a-8fe9-4741-8195-872ca4459d9c	reg	brightness	real	condition_c	50.0
a095623a-8fe9-4741-8195-872ca4459d9c	reg	brightness	real	condition_d	50.0
a095623a-8fe9-4741-8195-872ca4459d9c	reg	brightness	synthetic	condition_a	5.0
a095623a-8fe9-4741-8195-872ca4459d9c	reg	brightness	synthetic	condition_b	25.0
a095623a-8fe9-4741-8195-872ca4459d9c	reg	brightness	synthetic	condition_c	90.0
a095623a-8fe9-4741-8195-872ca4459d9c	reg	brightness	synthetic	condition_d	90.0
a095623a-8fe9-4741-8195-872ca4459d9c	reg	richness	real	condition_a	0.0
a095623a-8fe9-4741-8195-872ca4459d9c	reg	richness	real	condition_b	35.0
a095623a-8fe9-4741-8195-872ca4459d9c	reg	richness	real	condition_c	50.0
a095623a-8fe9-4741-8195-872ca4459d9c	reg	richness	real	condition_d	50.0
a095623a-8fe9-4741-8195-872ca4459d9c	reg	richness	synthetic	condition_a	10.0
a095623a-8fe9-4741-8195-872ca4459d9c	reg	richness	synthetic	condition_b	15.0
a095623a-8fe9-4741-8195-872ca4459d9c	reg	richness	synthetic	condition_c	30.0
a095623a-8fe9-4741-8195-872ca4459d9c	reg	richness	synthetic	condition_d	35.0
a095623a-8fe9-4741-8195-872ca4459d9c	reg	warmth	real	condition_a	0.0
a095623a-8fe9-4741-8195-872ca4459d9c	reg	warmth	real	condition_b	10.0
a095623a-8fe9-4741-8195-872ca4459d9c	reg	warmth	real	condition_c	25.0
a095623a-8fe9-4741-8195-872ca4459d9c	reg	warmth	real	condition_d	50.0
a095623a-8fe9-4741-8195-872ca4459d9c	reg	warmth	synthetic	condition_a	0.0
a095623a-8fe9-4741-8195-872ca4459d9c	reg	warmth	synthetic	condition_b	5.0
a095623a-8fe9-4741-8195-872ca4459d9c	reg	warmth	synthetic	condition_c	15.0
a095623a-8fe9-4741-8195-872ca4459d9c	reg	warmth	synthetic	condition_d	30.0
a786c9af-ce9a-4d61-b52c-ab8c9ab19905	amp	brightness	real	condition_a	35.0
a786c9af-ce9a-4d61-b52c-ab8c9ab19905	amp	brightness	real	condition_b	50.0
a786c9af-ce9a-4d61-b52c-ab8c9ab19905	amp	brightness	real	condition_c	75.0
a786c9af-ce9a-4d61-b52c-ab8c9ab19905	amp	brightness	real	condition_d	100.0
a786c9af-ce9a-4d61-b52c-ab8c9ab19905	amp	brightness	synthetic	condition_a	25.0
a786c9af-ce9a-4d61-b52c-ab8c9ab19905	amp	brightness	synthetic	condition_b	50.0
a786c9af-ce9a-4d61-b52c-ab8c9ab19905	amp	brightness	synthetic	condition_c	75.0
a786c9af-ce9a-4d61-b52c-ab8c9ab19905	amp	brightness	synthetic	condition_d	100.0
a786c9af-ce9a-4d61-b52c-ab8c9ab19905	amp	richness	real	condition_a	25.0
a786c9af-ce9a-4d61-b52c-ab8c9ab19905	amp	richness	real	condition_b	50.0
a786c9af-ce9a-4d61-b52c-ab8c9ab19905	amp	richness	real	condition_c	55.0
a786c9af-ce9a-4d61-b52c-ab8c9ab19905	amp	richness	real	condition_d	75.0
a786c9af-ce9a-4d61-b52c-ab8c9ab19905	amp	richness	synthetic	condition_a	25.0
a786c9af-ce9a-4d61-b52c-ab8c9ab19905	amp	richness	synthetic	condition_b	25.0
a786c9af-ce9a-4d61-b52c-ab8c9ab19905	amp	richness	synthetic	condition_c	38.0
a786c9af-ce9a-4d61-b52c-ab8c9ab19905	amp	richness	synthetic	condition_d	50.0
a786c9af-ce9a-4d61-b52c-ab8c9ab19905	amp	warmth	real	condition_a	25.0
a786c9af-ce9a-4d61-b52c-ab8c9ab19905	amp	warmth	real	condition_b	50.0
a786c9af-ce9a-4d61-b52c-ab8c9ab19905	amp	warmth	real	condition_c	50.0
a786c9af-ce9a-4d61-b52c-ab8c9ab19905	amp	warmth	real	condition_d	100.0
a786c9af-ce9a-4d61-b52c-ab8c9ab19905	amp	warmth	synthetic	condition_a	25.0
a786c9af-ce9a-4d61-b52c-ab8c9ab19905	amp	warmth	synthetic	condition_b	50.0
a786c9af-ce9a-4d61-b52c-ab8c9ab19905	amp	warmth	synthetic	condition_c	75.0
a786c9af-ce9a-4d61-b52c-ab8c9ab19905	amp	warmth	synthetic	condition_d	100.0
a786c9af-ce9a-4d61-b52c-ab8c9ab19905	freq	brightness	real	condition_a	25.0
a786c9af-ce9a-4d61-b52c-ab8c9ab19905	freq	brightness	real	condition_b	50.0
a786c9af-ce9a-4d61-b52c-ab8c9ab19905	freq	brightness	real	condition_c	75.0
a786c9af-ce9a-4d61-b52c-ab8c9ab19905	freq	brightness	real	condition_d	100.0
a786c9af-ce9a-4d61-b52c-ab8c9ab19905	freq	brightness	synthetic	condition_a	25.0
a786c9af-ce9a-4d61-b52c-ab8c9ab19905	freq	brightness	synthetic	condition_b	50.0
a786c9af-ce9a-4d61-b52c-ab8c9ab19905	freq	brightness	synthetic	condition_c	75.0
a786c9af-ce9a-4d61-b52c-ab8c9ab19905	freq	brightness	synthetic	condition_d	100.0
a786c9af-ce9a-4d61-b52c-ab8c9ab19905	freq	richness	real	condition_a	25.0
a786c9af-ce9a-4d61-b52c-ab8c9ab19905	freq	richness	real	condition_b	50.0
a786c9af-ce9a-4d61-b52c-ab8c9ab19905	freq	richness	real	condition_c	75.0
a786c9af-ce9a-4d61-b52c-ab8c9ab19905	freq	richness	real	condition_d	100.0
a786c9af-ce9a-4d61-b52c-ab8c9ab19905	freq	richness	synthetic	condition_a	25.0
a786c9af-ce9a-4d61-b52c-ab8c9ab19905	freq	richness	synthetic	condition_b	50.0
a786c9af-ce9a-4d61-b52c-ab8c9ab19905	freq	richness	synthetic	condition_c	75.0
a786c9af-ce9a-4d61-b52c-ab8c9ab19905	freq	richness	synthetic	condition_d	100.0
a786c9af-ce9a-4d61-b52c-ab8c9ab19905	freq	warmth	real	condition_a	25.0
a786c9af-ce9a-4d61-b52c-ab8c9ab19905	freq	warmth	real	condition_b	50.0
a786c9af-ce9a-4d61-b52c-ab8c9ab19905	freq	warmth	real	condition_c	75.0
a786c9af-ce9a-4d61-b52c-ab8c9ab19905	freq	warmth	real	condition_d	100.0
a786c9af-ce9a-4d61-b52c-ab8c9ab19905	freq	warmth	synthetic	condition_a	25.0
a786c9af-ce9a-4d61-b52c-ab8c9ab19905	freq	warmth	synthetic	condition_b	50.0
a786c9af-ce9a-4d61-b52c-ab8c9ab19905	freq	warmth	synthetic	condition_c	75.0
a786c9af-ce9a-4d61-b52c-ab8c9ab19905	freq	warmth	synthetic	condition_d	100.0
a786c9af-ce9a-4d61-b52c-ab8c9ab19905	reg	brightness	real	condition_a	1.0
a786c9af-ce9a-4d61-b52c-ab8c9ab19905	reg	brightness	real	condition_b	25.0
a786c9af-ce9a-4d61-b52c-ab8c9ab19905	reg	brightness	real	condition_c	25.0
a786c9af-ce9a-4d61-b52c-ab8c9ab19905	reg	brightness	real	condition_d	50.0
a786c9af-ce9a-4d61-b52c-ab8c9ab19905	reg	brightness	synthetic	condition_a	1.0
a786c9af-ce9a-4d61-b52c-ab8c9ab19905	reg	brightness	synthetic	condition_b	25.0
a786c9af-ce9a-4d61-b52c-ab8c9ab19905	reg	brightness	synthetic	condition_c	38.0
a786c9af-ce9a-4d61-b52c-ab8c9ab19905	reg	brightness	synthetic	condition_d	38.0
a786c9af-ce9a-4d61-b52c-ab8c9ab19905	reg	richness	real	condition_a	1.0
a786c9af-ce9a-4d61-b52c-ab8c9ab19905	reg	richness	real	condition_b	25.0
a786c9af-ce9a-4d61-b52c-ab8c9ab19905	reg	richness	real	condition_c	35.0
a786c9af-ce9a-4d61-b52c-ab8c9ab19905	reg	richness	real	condition_d	50.0
a786c9af-ce9a-4d61-b52c-ab8c9ab19905	reg	richness	synthetic	condition_a	1.0
a786c9af-ce9a-4d61-b52c-ab8c9ab19905	reg	richness	synthetic	condition_b	20.0
a786c9af-ce9a-4d61-b52c-ab8c9ab19905	reg	richness	synthetic	condition_c	25.0
a786c9af-ce9a-4d61-b52c-ab8c9ab19905	reg	richness	synthetic	condition_d	50.0
a786c9af-ce9a-4d61-b52c-ab8c9ab19905	reg	warmth	real	condition_a	10.0
a786c9af-ce9a-4d61-b52c-ab8c9ab19905	reg	warmth	real	condition_b	25.0
a786c9af-ce9a-4d61-b52c-ab8c9ab19905	reg	warmth	real	condition_c	37.0
a786c9af-ce9a-4d61-b52c-ab8c9ab19905	reg	warmth	real	condition_d	50.0
a786c9af-ce9a-4d61-b52c-ab8c9ab19905	reg	warmth	synthetic	condition_a	1.0
a786c9af-ce9a-4d61-b52c-ab8c9ab19905	reg	warmth	synthetic	condition_b	25.0
a786c9af-ce9a-4d61-b52c-ab8c9ab19905	reg	warmth	synthetic	condition_c	36.0
a786c9af-ce9a-4d61-b52c-ab8c9ab19905	reg	warmth	synthetic	condition_d	50.0
b54d561c-8725-48eb-ae4e-c37bb07a2d78	amp	brightness	real	condition_a	27.0
b54d561c-8725-48eb-ae4e-c37bb07a2d78	amp	brightness	real	condition_b	59.0
b54d561c-8725-48eb-ae4e-c37bb07a2d78	amp	brightness	real	condition_c	77.0
b54d561c-8725-48eb-ae4e-c37bb07a2d78	amp	brightness	real	condition_d	64.0
b54d561c-8725-48eb-ae4e-c37bb07a2d78	amp	brightness	synthetic	condition_a	81.0
b54d561c-8725-48eb-ae4e-c37bb07a2d78	amp	brightness	synthetic	condition_b	99.0
b54d561c-8725-48eb-ae4e-c37bb07a2d78	amp	brightness	synthetic	condition_c	100.0
b54d561c-8725-48eb-ae4e-c37bb07a2d78	amp	brightness	synthetic	condition_d	100.0
b54d561c-8725-48eb-ae4e-c37bb07a2d78	amp	richness	real	condition_a	91.0
b54d561c-8725-48eb-ae4e-c37bb07a2d78	amp	richness	real	condition_b	73.0
b54d561c-8725-48eb-ae4e-c37bb07a2d78	amp	richness	real	condition_c	81.0
b54d561c-8725-48eb-ae4e-c37bb07a2d78	amp	richness	real	condition_d	100.0
b54d561c-8725-48eb-ae4e-c37bb07a2d78	amp	richness	synthetic	condition_a	0.0
b54d561c-8725-48eb-ae4e-c37bb07a2d78	amp	richness	synthetic	condition_b	25.0
b54d561c-8725-48eb-ae4e-c37bb07a2d78	amp	richness	synthetic	condition_c	74.0
b54d561c-8725-48eb-ae4e-c37bb07a2d78	amp	richness	synthetic	condition_d	81.0
b54d561c-8725-48eb-ae4e-c37bb07a2d78	amp	warmth	real	condition_a	49.0
b54d561c-8725-48eb-ae4e-c37bb07a2d78	amp	warmth	real	condition_b	71.0
b54d561c-8725-48eb-ae4e-c37bb07a2d78	amp	warmth	real	condition_c	78.0
b54d561c-8725-48eb-ae4e-c37bb07a2d78	amp	warmth	real	condition_d	86.0
b54d561c-8725-48eb-ae4e-c37bb07a2d78	amp	warmth	synthetic	condition_a	11.0
b54d561c-8725-48eb-ae4e-c37bb07a2d78	amp	warmth	synthetic	condition_b	26.0
b54d561c-8725-48eb-ae4e-c37bb07a2d78	amp	warmth	synthetic	condition_c	75.0
b54d561c-8725-48eb-ae4e-c37bb07a2d78	amp	warmth	synthetic	condition_d	74.0
b54d561c-8725-48eb-ae4e-c37bb07a2d78	freq	brightness	real	condition_a	49.0
b54d561c-8725-48eb-ae4e-c37bb07a2d78	freq	brightness	real	condition_b	73.0
b54d561c-8725-48eb-ae4e-c37bb07a2d78	freq	brightness	real	condition_c	80.0
b54d561c-8725-48eb-ae4e-c37bb07a2d78	freq	brightness	real	condition_d	99.0
b54d561c-8725-48eb-ae4e-c37bb07a2d78	freq	brightness	synthetic	condition_a	45.0
b54d561c-8725-48eb-ae4e-c37bb07a2d78	freq	brightness	synthetic	condition_b	75.0
b54d561c-8725-48eb-ae4e-c37bb07a2d78	freq	brightness	synthetic	condition_c	92.0
b54d561c-8725-48eb-ae4e-c37bb07a2d78	freq	brightness	synthetic	condition_d	95.0
b54d561c-8725-48eb-ae4e-c37bb07a2d78	freq	richness	real	condition_a	25.0
b54d561c-8725-48eb-ae4e-c37bb07a2d78	freq	richness	real	condition_b	49.0
b54d561c-8725-48eb-ae4e-c37bb07a2d78	freq	richness	real	condition_c	73.0
b54d561c-8725-48eb-ae4e-c37bb07a2d78	freq	richness	real	condition_d	82.0
b54d561c-8725-48eb-ae4e-c37bb07a2d78	freq	richness	synthetic	condition_a	37.0
b54d561c-8725-48eb-ae4e-c37bb07a2d78	freq	richness	synthetic	condition_b	50.0
b54d561c-8725-48eb-ae4e-c37bb07a2d78	freq	richness	synthetic	condition_c	91.0
b54d561c-8725-48eb-ae4e-c37bb07a2d78	freq	richness	synthetic	condition_d	99.0
b54d561c-8725-48eb-ae4e-c37bb07a2d78	freq	warmth	real	condition_a	75.0
b54d561c-8725-48eb-ae4e-c37bb07a2d78	freq	warmth	real	condition_b	87.0
b54d561c-8725-48eb-ae4e-c37bb07a2d78	freq	warmth	real	condition_c	100.0
b54d561c-8725-48eb-ae4e-c37bb07a2d78	freq	warmth	real	condition_d	100.0
b54d561c-8725-48eb-ae4e-c37bb07a2d78	freq	warmth	synthetic	condition_a	38.0
b54d561c-8725-48eb-ae4e-c37bb07a2d78	freq	warmth	synthetic	condition_b	73.0
b54d561c-8725-48eb-ae4e-c37bb07a2d78	freq	warmth	synthetic	condition_c	100.0
b54d561c-8725-48eb-ae4e-c37bb07a2d78	freq	warmth	synthetic	condition_d	100.0
b54d561c-8725-48eb-ae4e-c37bb07a2d78	reg	brightness	real	condition_a	11.0
b54d561c-8725-48eb-ae4e-c37bb07a2d78	reg	brightness	real	condition_b	38.0
b54d561c-8725-48eb-ae4e-c37bb07a2d78	reg	brightness	real	condition_c	41.0
b54d561c-8725-48eb-ae4e-c37bb07a2d78	reg	brightness	real	condition_d	50.0
b54d561c-8725-48eb-ae4e-c37bb07a2d78	reg	brightness	synthetic	condition_a	0.0
b54d561c-8725-48eb-ae4e-c37bb07a2d78	reg	brightness	synthetic	condition_b	0.0
b54d561c-8725-48eb-ae4e-c37bb07a2d78	reg	brightness	synthetic	condition_c	39.0
b54d561c-8725-48eb-ae4e-c37bb07a2d78	reg	brightness	synthetic	condition_d	72.0
b54d561c-8725-48eb-ae4e-c37bb07a2d78	reg	richness	real	condition_a	0.0
b54d561c-8725-48eb-ae4e-c37bb07a2d78	reg	richness	real	condition_b	13.0
b54d561c-8725-48eb-ae4e-c37bb07a2d78	reg	richness	real	condition_c	49.0
b54d561c-8725-48eb-ae4e-c37bb07a2d78	reg	richness	real	condition_d	74.0
b54d561c-8725-48eb-ae4e-c37bb07a2d78	reg	richness	synthetic	condition_a	0.0
b54d561c-8725-48eb-ae4e-c37bb07a2d78	reg	richness	synthetic	condition_b	50.0
b54d561c-8725-48eb-ae4e-c37bb07a2d78	reg	richness	synthetic	condition_c	54.0
b54d561c-8725-48eb-ae4e-c37bb07a2d78	reg	richness	synthetic	condition_d	68.0
b54d561c-8725-48eb-ae4e-c37bb07a2d78	reg	warmth	real	condition_a	0.0
b54d561c-8725-48eb-ae4e-c37bb07a2d78	reg	warmth	real	condition_b	52.0
b54d561c-8725-48eb-ae4e-c37bb07a2d78	reg	warmth	real	condition_c	84.0
b54d561c-8725-48eb-ae4e-c37bb07a2d78	reg	warmth	real	condition_d	74.0
b54d561c-8725-48eb-ae4e-c37bb07a2d78	reg	warmth	synthetic	condition_a	0.0
b54d561c-8725-48eb-ae4e-c37bb07a2d78	reg	warmth	synthetic	condition_b	7.0
b54d561c-8725-48eb-ae4e-c37bb07a2d78	reg	warmth	synthetic	condition_c	15.0
b54d561c-8725-48eb-ae4e-c37bb07a2d78	reg	warmth	synthetic	condition_d	40.0
b5a9e008-b628-4495-aeea-58e68157cb8f	amp	brightness	real	condition_a	38.0
b5a9e008-b628-4495-aeea-58e68157cb8f	amp	brightness	real	condition_b	65.0
b5a9e008-b628-4495-aeea-58e68157cb8f	amp	brightness	real	condition_c	100.0
b5a9e008-b628-4495-aeea-58e68157cb8f	amp	brightness	real	condition_d	100.0
b5a9e008-b628-4495-aeea-58e68157cb8f	amp	brightness	synthetic	condition_a	51.0
b5a9e008-b628-4495-aeea-58e68157cb8f	amp	brightness	synthetic	condition_b	61.0
b5a9e008-b628-4495-aeea-58e68157cb8f	amp	brightness	synthetic	condition_c	74.0
b5a9e008-b628-4495-aeea-58e68157cb8f	amp	brightness	synthetic	condition_d	73.0
b5a9e008-b628-4495-aeea-58e68157cb8f	amp	richness	real	condition_a	14.0
b5a9e008-b628-4495-aeea-58e68157cb8f	amp	richness	real	condition_b	47.0
b5a9e008-b628-4495-aeea-58e68157cb8f	amp	richness	real	condition_c	50.0
b5a9e008-b628-4495-aeea-58e68157cb8f	amp	richness	real	condition_d	65.0
b5a9e008-b628-4495-aeea-58e68157cb8f	amp	richness	synthetic	condition_a	21.0
b5a9e008-b628-4495-aeea-58e68157cb8f	amp	richness	synthetic	condition_b	44.0
b5a9e008-b628-4495-aeea-58e68157cb8f	amp	richness	synthetic	condition_c	61.0
b5a9e008-b628-4495-aeea-58e68157cb8f	amp	richness	synthetic	condition_d	63.0
b5a9e008-b628-4495-aeea-58e68157cb8f	amp	warmth	real	condition_a	15.0
b5a9e008-b628-4495-aeea-58e68157cb8f	amp	warmth	real	condition_b	16.0
b5a9e008-b628-4495-aeea-58e68157cb8f	amp	warmth	real	condition_c	35.0
b5a9e008-b628-4495-aeea-58e68157cb8f	amp	warmth	real	condition_d	42.0
b5a9e008-b628-4495-aeea-58e68157cb8f	amp	warmth	synthetic	condition_a	11.0
b5a9e008-b628-4495-aeea-58e68157cb8f	amp	warmth	synthetic	condition_b	25.0
b5a9e008-b628-4495-aeea-58e68157cb8f	amp	warmth	synthetic	condition_c	49.0
b5a9e008-b628-4495-aeea-58e68157cb8f	amp	warmth	synthetic	condition_d	54.0
b5a9e008-b628-4495-aeea-58e68157cb8f	freq	brightness	real	condition_a	34.0
b5a9e008-b628-4495-aeea-58e68157cb8f	freq	brightness	real	condition_b	61.0
b5a9e008-b628-4495-aeea-58e68157cb8f	freq	brightness	real	condition_c	77.0
b5a9e008-b628-4495-aeea-58e68157cb8f	freq	brightness	real	condition_d	98.0
b5a9e008-b628-4495-aeea-58e68157cb8f	freq	brightness	synthetic	condition_a	44.0
b5a9e008-b628-4495-aeea-58e68157cb8f	freq	brightness	synthetic	condition_b	60.0
b5a9e008-b628-4495-aeea-58e68157cb8f	freq	brightness	synthetic	condition_c	66.0
b5a9e008-b628-4495-aeea-58e68157cb8f	freq	brightness	synthetic	condition_d	89.0
b5a9e008-b628-4495-aeea-58e68157cb8f	freq	richness	real	condition_a	50.0
b5a9e008-b628-4495-aeea-58e68157cb8f	freq	richness	real	condition_b	63.0
b5a9e008-b628-4495-aeea-58e68157cb8f	freq	richness	real	condition_c	73.0
b5a9e008-b628-4495-aeea-58e68157cb8f	freq	richness	real	condition_d	87.0
b5a9e008-b628-4495-aeea-58e68157cb8f	freq	richness	synthetic	condition_a	20.0
b5a9e008-b628-4495-aeea-58e68157cb8f	freq	richness	synthetic	condition_b	49.0
b5a9e008-b628-4495-aeea-58e68157cb8f	freq	richness	synthetic	condition_c	73.0
b5a9e008-b628-4495-aeea-58e68157cb8f	freq	richness	synthetic	condition_d	100.0
b5a9e008-b628-4495-aeea-58e68157cb8f	freq	warmth	real	condition_a	24.0
b5a9e008-b628-4495-aeea-58e68157cb8f	freq	warmth	real	condition_b	50.0
b5a9e008-b628-4495-aeea-58e68157cb8f	freq	warmth	real	condition_c	75.0
b5a9e008-b628-4495-aeea-58e68157cb8f	freq	warmth	real	condition_d	100.0
b5a9e008-b628-4495-aeea-58e68157cb8f	freq	warmth	synthetic	condition_a	19.0
b5a9e008-b628-4495-aeea-58e68157cb8f	freq	warmth	synthetic	condition_b	39.0
b5a9e008-b628-4495-aeea-58e68157cb8f	freq	warmth	synthetic	condition_c	61.0
b5a9e008-b628-4495-aeea-58e68157cb8f	freq	warmth	synthetic	condition_d	87.0
b5a9e008-b628-4495-aeea-58e68157cb8f	reg	brightness	real	condition_a	47.0
b5a9e008-b628-4495-aeea-58e68157cb8f	reg	brightness	real	condition_b	46.0
b5a9e008-b628-4495-aeea-58e68157cb8f	reg	brightness	real	condition_c	68.0
b5a9e008-b628-4495-aeea-58e68157cb8f	reg	brightness	real	condition_d	71.0
b5a9e008-b628-4495-aeea-58e68157cb8f	reg	brightness	synthetic	condition_a	0.0
b5a9e008-b628-4495-aeea-58e68157cb8f	reg	brightness	synthetic	condition_b	50.0
b5a9e008-b628-4495-aeea-58e68157cb8f	reg	brightness	synthetic	condition_c	53.0
b5a9e008-b628-4495-aeea-58e68157cb8f	reg	brightness	synthetic	condition_d	77.0
b5a9e008-b628-4495-aeea-58e68157cb8f	reg	richness	real	condition_a	0.0
b5a9e008-b628-4495-aeea-58e68157cb8f	reg	richness	real	condition_b	0.0
b5a9e008-b628-4495-aeea-58e68157cb8f	reg	richness	real	condition_c	77.0
b5a9e008-b628-4495-aeea-58e68157cb8f	reg	richness	real	condition_d	77.0
b5a9e008-b628-4495-aeea-58e68157cb8f	reg	richness	synthetic	condition_a	0.0
b5a9e008-b628-4495-aeea-58e68157cb8f	reg	richness	synthetic	condition_b	35.0
b5a9e008-b628-4495-aeea-58e68157cb8f	reg	richness	synthetic	condition_c	50.0
b5a9e008-b628-4495-aeea-58e68157cb8f	reg	richness	synthetic	condition_d	58.0
b5a9e008-b628-4495-aeea-58e68157cb8f	reg	warmth	real	condition_a	0.0
b5a9e008-b628-4495-aeea-58e68157cb8f	reg	warmth	real	condition_b	33.0
b5a9e008-b628-4495-aeea-58e68157cb8f	reg	warmth	real	condition_c	62.0
b5a9e008-b628-4495-aeea-58e68157cb8f	reg	warmth	real	condition_d	65.0
b5a9e008-b628-4495-aeea-58e68157cb8f	reg	warmth	synthetic	condition_a	0.0
b5a9e008-b628-4495-aeea-58e68157cb8f	reg	warmth	synthetic	condition_b	35.0
b5a9e008-b628-4495-aeea-58e68157cb8f	reg	warmth	synthetic	condition_c	79.0
b5a9e008-b628-4495-aeea-58e68157cb8f	reg	warmth	synthetic	condition_d	72.0
c76a12e1-24a3-4218-92fd-e7c666811e7a	amp	brightness	real	condition_a	29.0
c76a12e1-24a3-4218-92fd-e7c666811e7a	amp	brightness	real	condition_b	49.0
c76a12e1-24a3-4218-92fd-e7c666811e7a	amp	brightness	real	condition_c	100.0
c76a12e1-24a3-4218-92fd-e7c666811e7a	amp	brightness	real	condition_d	77.0
c76a12e1-24a3-4218-92fd-e7c666811e7a	amp	brightness	synthetic	condition_a	36.0
c76a12e1-24a3-4218-92fd-e7c666811e7a	amp	brightness	synthetic	condition_b	71.0
c76a12e1-24a3-4218-92fd-e7c666811e7a	amp	brightness	synthetic	condition_c	49.0
c76a12e1-24a3-4218-92fd-e7c666811e7a	amp	brightness	synthetic	condition_d	91.0
c76a12e1-24a3-4218-92fd-e7c666811e7a	amp	richness	real	condition_a	25.0
c76a12e1-24a3-4218-92fd-e7c666811e7a	amp	richness	real	condition_b	55.0
c76a12e1-24a3-4218-92fd-e7c666811e7a	amp	richness	real	condition_c	82.0
c76a12e1-24a3-4218-92fd-e7c666811e7a	amp	richness	real	condition_d	100.0
c76a12e1-24a3-4218-92fd-e7c666811e7a	amp	richness	synthetic	condition_a	32.0
c76a12e1-24a3-4218-92fd-e7c666811e7a	amp	richness	synthetic	condition_b	61.0
c76a12e1-24a3-4218-92fd-e7c666811e7a	amp	richness	synthetic	condition_c	45.0
c76a12e1-24a3-4218-92fd-e7c666811e7a	amp	richness	synthetic	condition_d	100.0
c76a12e1-24a3-4218-92fd-e7c666811e7a	amp	warmth	real	condition_a	17.0
c76a12e1-24a3-4218-92fd-e7c666811e7a	amp	warmth	real	condition_b	53.0
c76a12e1-24a3-4218-92fd-e7c666811e7a	amp	warmth	real	condition_c	80.0
c76a12e1-24a3-4218-92fd-e7c666811e7a	amp	warmth	real	condition_d	95.0
c76a12e1-24a3-4218-92fd-e7c666811e7a	amp	warmth	synthetic	condition_a	27.0
c76a12e1-24a3-4218-92fd-e7c666811e7a	amp	warmth	synthetic	condition_b	74.0
c76a12e1-24a3-4218-92fd-e7c666811e7a	amp	warmth	synthetic	condition_c	100.0
c76a12e1-24a3-4218-92fd-e7c666811e7a	amp	warmth	synthetic	condition_d	56.0
c76a12e1-24a3-4218-92fd-e7c666811e7a	freq	brightness	real	condition_a	37.0
c76a12e1-24a3-4218-92fd-e7c666811e7a	freq	brightness	real	condition_b	66.0
c76a12e1-24a3-4218-92fd-e7c666811e7a	freq	brightness	real	condition_c	84.0
c76a12e1-24a3-4218-92fd-e7c666811e7a	freq	brightness	real	condition_d	100.0
c76a12e1-24a3-4218-92fd-e7c666811e7a	freq	brightness	synthetic	condition_a	30.0
c76a12e1-24a3-4218-92fd-e7c666811e7a	freq	brightness	synthetic	condition_b	58.0
c76a12e1-24a3-4218-92fd-e7c666811e7a	freq	brightness	synthetic	condition_c	77.0
c76a12e1-24a3-4218-92fd-e7c666811e7a	freq	brightness	synthetic	condition_d	100.0
c76a12e1-24a3-4218-92fd-e7c666811e7a	freq	richness	real	condition_a	20.0
c76a12e1-24a3-4218-92fd-e7c666811e7a	freq	richness	real	condition_b	63.0
c76a12e1-24a3-4218-92fd-e7c666811e7a	freq	richness	real	condition_c	73.0
c76a12e1-24a3-4218-92fd-e7c666811e7a	freq	richness	real	condition_d	98.0
c76a12e1-24a3-4218-92fd-e7c666811e7a	freq	richness	synthetic	condition_a	22.0
c76a12e1-24a3-4218-92fd-e7c666811e7a	freq	richness	synthetic	condition_b	60.0
c76a12e1-24a3-4218-92fd-e7c666811e7a	freq	richness	synthetic	condition_c	75.0
c76a12e1-24a3-4218-92fd-e7c666811e7a	freq	richness	synthetic	condition_d	99.0
c76a12e1-24a3-4218-92fd-e7c666811e7a	freq	warmth	real	condition_a	28.0
c76a12e1-24a3-4218-92fd-e7c666811e7a	freq	warmth	real	condition_b	51.0
c76a12e1-24a3-4218-92fd-e7c666811e7a	freq	warmth	real	condition_c	79.0
c76a12e1-24a3-4218-92fd-e7c666811e7a	freq	warmth	real	condition_d	100.0
c76a12e1-24a3-4218-92fd-e7c666811e7a	freq	warmth	synthetic	condition_a	21.0
c76a12e1-24a3-4218-92fd-e7c666811e7a	freq	warmth	synthetic	condition_b	59.0
c76a12e1-24a3-4218-92fd-e7c666811e7a	freq	warmth	synthetic	condition_c	81.0
c76a12e1-24a3-4218-92fd-e7c666811e7a	freq	warmth	synthetic	condition_d	95.0
c76a12e1-24a3-4218-92fd-e7c666811e7a	reg	brightness	real	condition_a	22.0
c76a12e1-24a3-4218-92fd-e7c666811e7a	reg	brightness	real	condition_b	45.0
c76a12e1-24a3-4218-92fd-e7c666811e7a	reg	brightness	real	condition_c	57.0
c76a12e1-24a3-4218-92fd-e7c666811e7a	reg	brightness	real	condition_d	79.0
c76a12e1-24a3-4218-92fd-e7c666811e7a	reg	brightness	synthetic	condition_a	0.0
c76a12e1-24a3-4218-92fd-e7c666811e7a	reg	brightness	synthetic	condition_b	74.0
c76a12e1-24a3-4218-92fd-e7c666811e7a	reg	brightness	synthetic	condition_c	49.0
c76a12e1-24a3-4218-92fd-e7c666811e7a	reg	brightness	synthetic	condition_d	95.0
c76a12e1-24a3-4218-92fd-e7c666811e7a	reg	richness	real	condition_a	15.0
c76a12e1-24a3-4218-92fd-e7c666811e7a	reg	richness	real	condition_b	21.0
c76a12e1-24a3-4218-92fd-e7c666811e7a	reg	richness	real	condition_c	54.0
c76a12e1-24a3-4218-92fd-e7c666811e7a	reg	richness	real	condition_d	71.0
c76a12e1-24a3-4218-92fd-e7c666811e7a	reg	richness	synthetic	condition_a	19.0
c76a12e1-24a3-4218-92fd-e7c666811e7a	reg	richness	synthetic	condition_b	29.0
c76a12e1-24a3-4218-92fd-e7c666811e7a	reg	richness	synthetic	condition_c	49.0
c76a12e1-24a3-4218-92fd-e7c666811e7a	reg	richness	synthetic	condition_d	78.0
c76a12e1-24a3-4218-92fd-e7c666811e7a	reg	warmth	real	condition_a	53.0
c76a12e1-24a3-4218-92fd-e7c666811e7a	reg	warmth	real	condition_b	71.0
c76a12e1-24a3-4218-92fd-e7c666811e7a	reg	warmth	real	condition_c	23.0
c76a12e1-24a3-4218-92fd-e7c666811e7a	reg	warmth	real	condition_d	96.0
c76a12e1-24a3-4218-92fd-e7c666811e7a	reg	warmth	synthetic	condition_a	0.0
c76a12e1-24a3-4218-92fd-e7c666811e7a	reg	warmth	synthetic	condition_b	40.0
c76a12e1-24a3-4218-92fd-e7c666811e7a	reg	warmth	synthetic	condition_c	18.0
c76a12e1-24a3-4218-92fd-e7c666811e7a	reg	warmth	synthetic	condition_d	58.0
fc3db4a1-1d6e-489b-9d46-c4c60b7834ef	amp	brightness	real	condition_a	25.0
fc3db4a1-1d6e-489b-9d46-c4c60b7834ef	amp	brightness	real	condition_b	25.0
fc3db4a1-1d6e-489b-9d46-c4c60b7834ef	amp	brightness	real	condition_c	12.0
fc3db4a1-1d6e-489b-9d46-c4c60b7834ef	amp	brightness	real	condition_d	50.0
fc3db4a1-1d6e-489b-9d46-c4c60b7834ef	amp	brightness	synthetic	condition_a	35.0
fc3db4a1-1d6e-489b-9d46-c4c60b7834ef	amp	brightness	synthetic	condition_b	70.0
fc3db4a1-1d6e-489b-9d46-c4c60b7834ef	amp	brightness	synthetic	condition_c	75.0
fc3db4a1-1d6e-489b-9d46-c4c60b7834ef	amp	brightness	synthetic	condition_d	75.0
fc3db4a1-1d6e-489b-9d46-c4c60b7834ef	amp	richness	real	condition_a	15.0
fc3db4a1-1d6e-489b-9d46-c4c60b7834ef	amp	richness	real	condition_b	22.0
fc3db4a1-1d6e-489b-9d46-c4c60b7834ef	amp	richness	real	condition_c	25.0
fc3db4a1-1d6e-489b-9d46-c4c60b7834ef	amp	richness	real	condition_d	30.0
fc3db4a1-1d6e-489b-9d46-c4c60b7834ef	amp	richness	synthetic	condition_a	50.0
fc3db4a1-1d6e-489b-9d46-c4c60b7834ef	amp	richness	synthetic	condition_b	70.0
fc3db4a1-1d6e-489b-9d46-c4c60b7834ef	amp	richness	synthetic	condition_c	85.0
fc3db4a1-1d6e-489b-9d46-c4c60b7834ef	amp	richness	synthetic	condition_d	85.0
fc3db4a1-1d6e-489b-9d46-c4c60b7834ef	amp	warmth	real	condition_a	15.0
fc3db4a1-1d6e-489b-9d46-c4c60b7834ef	amp	warmth	real	condition_b	50.0
fc3db4a1-1d6e-489b-9d46-c4c60b7834ef	amp	warmth	real	condition_c	65.0
fc3db4a1-1d6e-489b-9d46-c4c60b7834ef	amp	warmth	real	condition_d	75.0
fc3db4a1-1d6e-489b-9d46-c4c60b7834ef	amp	warmth	synthetic	condition_a	0.0
fc3db4a1-1d6e-489b-9d46-c4c60b7834ef	amp	warmth	synthetic	condition_b	40.0
fc3db4a1-1d6e-489b-9d46-c4c60b7834ef	amp	warmth	synthetic	condition_c	50.0
fc3db4a1-1d6e-489b-9d46-c4c60b7834ef	amp	warmth	synthetic	condition_d	50.0
fc3db4a1-1d6e-489b-9d46-c4c60b7834ef	freq	brightness	real	condition_a	35.0
fc3db4a1-1d6e-489b-9d46-c4c60b7834ef	freq	brightness	real	condition_b	50.0
fc3db4a1-1d6e-489b-9d46-c4c60b7834ef	freq	brightness	real	condition_c	75.0
fc3db4a1-1d6e-489b-9d46-c4c60b7834ef	freq	brightness	real	condition_d	100.0
fc3db4a1-1d6e-489b-9d46-c4c60b7834ef	freq	brightness	synthetic	condition_a	30.0
fc3db4a1-1d6e-489b-9d46-c4c60b7834ef	freq	brightness	synthetic	condition_b	50.0
fc3db4a1-1d6e-489b-9d46-c4c60b7834ef	freq	brightness	synthetic	condition_c	76.0
fc3db4a1-1d6e-489b-9d46-c4c60b7834ef	freq	brightness	synthetic	condition_d	100.0
fc3db4a1-1d6e-489b-9d46-c4c60b7834ef	freq	richness	real	condition_a	25.0
fc3db4a1-1d6e-489b-9d46-c4c60b7834ef	freq	richness	real	condition_b	50.0
fc3db4a1-1d6e-489b-9d46-c4c60b7834ef	freq	richness	real	condition_c	50.0
fc3db4a1-1d6e-489b-9d46-c4c60b7834ef	freq	richness	real	condition_d	75.0
fc3db4a1-1d6e-489b-9d46-c4c60b7834ef	freq	richness	synthetic	condition_a	15.0
fc3db4a1-1d6e-489b-9d46-c4c60b7834ef	freq	richness	synthetic	condition_b	25.0
fc3db4a1-1d6e-489b-9d46-c4c60b7834ef	freq	richness	synthetic	condition_c	50.0
fc3db4a1-1d6e-489b-9d46-c4c60b7834ef	freq	richness	synthetic	condition_d	65.0
fc3db4a1-1d6e-489b-9d46-c4c60b7834ef	freq	warmth	real	condition_a	30.0
fc3db4a1-1d6e-489b-9d46-c4c60b7834ef	freq	warmth	real	condition_b	50.0
fc3db4a1-1d6e-489b-9d46-c4c60b7834ef	freq	warmth	real	condition_c	25.0
fc3db4a1-1d6e-489b-9d46-c4c60b7834ef	freq	warmth	real	condition_d	40.0
fc3db4a1-1d6e-489b-9d46-c4c60b7834ef	freq	warmth	synthetic	condition_a	25.0
fc3db4a1-1d6e-489b-9d46-c4c60b7834ef	freq	warmth	synthetic	condition_b	35.0
fc3db4a1-1d6e-489b-9d46-c4c60b7834ef	freq	warmth	synthetic	condition_c	65.0
fc3db4a1-1d6e-489b-9d46-c4c60b7834ef	freq	warmth	synthetic	condition_d	75.0
fc3db4a1-1d6e-489b-9d46-c4c60b7834ef	reg	brightness	real	condition_a	5.0
fc3db4a1-1d6e-489b-9d46-c4c60b7834ef	reg	brightness	real	condition_b	15.0
fc3db4a1-1d6e-489b-9d46-c4c60b7834ef	reg	brightness	real	condition_c	35.0
fc3db4a1-1d6e-489b-9d46-c4c60b7834ef	reg	brightness	real	condition_d	50.0
fc3db4a1-1d6e-489b-9d46-c4c60b7834ef	reg	brightness	synthetic	condition_a	10.0
fc3db4a1-1d6e-489b-9d46-c4c60b7834ef	reg	brightness	synthetic	condition_b	41.0
fc3db4a1-1d6e-489b-9d46-c4c60b7834ef	reg	brightness	synthetic	condition_c	50.0
fc3db4a1-1d6e-489b-9d46-c4c60b7834ef	reg	brightness	synthetic	condition_d	65.0
fc3db4a1-1d6e-489b-9d46-c4c60b7834ef	reg	richness	real	condition_a	15.0
fc3db4a1-1d6e-489b-9d46-c4c60b7834ef	reg	richness	real	condition_b	20.0
fc3db4a1-1d6e-489b-9d46-c4c60b7834ef	reg	richness	real	condition_c	25.0
fc3db4a1-1d6e-489b-9d46-c4c60b7834ef	reg	richness	real	condition_d	30.0
fc3db4a1-1d6e-489b-9d46-c4c60b7834ef	reg	richness	synthetic	condition_a	0.0
fc3db4a1-1d6e-489b-9d46-c4c60b7834ef	reg	richness	synthetic	condition_b	15.0
fc3db4a1-1d6e-489b-9d46-c4c60b7834ef	reg	richness	synthetic	condition_c	20.0
fc3db4a1-1d6e-489b-9d46-c4c60b7834ef	reg	richness	synthetic	condition_d	25.0
fc3db4a1-1d6e-489b-9d46-c4c60b7834ef	reg	warmth	real	condition_a	0.0
fc3db4a1-1d6e-489b-9d46-c4c60b7834ef	reg	warmth	real	condition_b	15.0
fc3db4a1-1d6e-489b-9d46-c4c60b7834ef	reg	warmth	real	condition_c	25.0
fc3db4a1-1d6e-489b-9d46-c4c60b7834ef	reg	warmth	real	condition_d	45.0
fc3db4a1-1d6e-489b-9d46-c4c60b7834ef	reg	warmth	synthetic	condition_a	0.0
fc3db4a1-1d6e-489b-9d46-c4c60b7834ef	reg	warmth	synthetic	condition_b	0.0
fc3db4a1-1d6e-489b-9d46-c4c60b7834ef	reg	warmth	synthetic	condition_c	15.0
fc3db4a1-1d6e-489b-9d46-c4c60b7834ef	reg	warmth	synthetic	condition_d	20.0
fdf40bc1-d458-4d19-b3db-ab3e24bda9de	amp	brightness	real	condition_a	76.0
fdf40bc1-d458-4d19-b3db-ab3e24bda9de	amp	brightness	real	condition_b	94.0
fdf40bc1-d458-4d19-b3db-ab3e24bda9de	amp	brightness	real	condition_c	100.0
fdf40bc1-d458-4d19-b3db-ab3e24bda9de	amp	brightness	real	condition_d	100.0
fdf40bc1-d458-4d19-b3db-ab3e24bda9de	amp	brightness	synthetic	condition_a	51.0
fdf40bc1-d458-4d19-b3db-ab3e24bda9de	amp	brightness	synthetic	condition_b	60.0
fdf40bc1-d458-4d19-b3db-ab3e24bda9de	amp	brightness	synthetic	condition_c	65.0
fdf40bc1-d458-4d19-b3db-ab3e24bda9de	amp	brightness	synthetic	condition_d	88.0
fdf40bc1-d458-4d19-b3db-ab3e24bda9de	amp	richness	real	condition_a	62.0
fdf40bc1-d458-4d19-b3db-ab3e24bda9de	amp	richness	real	condition_b	71.0
fdf40bc1-d458-4d19-b3db-ab3e24bda9de	amp	richness	real	condition_c	71.0
fdf40bc1-d458-4d19-b3db-ab3e24bda9de	amp	richness	real	condition_d	87.0
fdf40bc1-d458-4d19-b3db-ab3e24bda9de	amp	richness	synthetic	condition_a	37.0
fdf40bc1-d458-4d19-b3db-ab3e24bda9de	amp	richness	synthetic	condition_b	59.0
fdf40bc1-d458-4d19-b3db-ab3e24bda9de	amp	richness	synthetic	condition_c	95.0
fdf40bc1-d458-4d19-b3db-ab3e24bda9de	amp	richness	synthetic	condition_d	95.0
fdf40bc1-d458-4d19-b3db-ab3e24bda9de	amp	warmth	real	condition_a	52.0
fdf40bc1-d458-4d19-b3db-ab3e24bda9de	amp	warmth	real	condition_b	76.0
fdf40bc1-d458-4d19-b3db-ab3e24bda9de	amp	warmth	real	condition_c	76.0
fdf40bc1-d458-4d19-b3db-ab3e24bda9de	amp	warmth	real	condition_d	98.0
fdf40bc1-d458-4d19-b3db-ab3e24bda9de	amp	warmth	synthetic	condition_a	45.0
fdf40bc1-d458-4d19-b3db-ab3e24bda9de	amp	warmth	synthetic	condition_b	45.0
fdf40bc1-d458-4d19-b3db-ab3e24bda9de	amp	warmth	synthetic	condition_c	85.0
fdf40bc1-d458-4d19-b3db-ab3e24bda9de	amp	warmth	synthetic	condition_d	64.0
fdf40bc1-d458-4d19-b3db-ab3e24bda9de	freq	brightness	real	condition_a	34.0
fdf40bc1-d458-4d19-b3db-ab3e24bda9de	freq	brightness	real	condition_b	50.0
fdf40bc1-d458-4d19-b3db-ab3e24bda9de	freq	brightness	real	condition_c	94.0
fdf40bc1-d458-4d19-b3db-ab3e24bda9de	freq	brightness	real	condition_d	100.0
fdf40bc1-d458-4d19-b3db-ab3e24bda9de	freq	brightness	synthetic	condition_a	35.0
fdf40bc1-d458-4d19-b3db-ab3e24bda9de	freq	brightness	synthetic	condition_b	50.0
fdf40bc1-d458-4d19-b3db-ab3e24bda9de	freq	brightness	synthetic	condition_c	66.0
fdf40bc1-d458-4d19-b3db-ab3e24bda9de	freq	brightness	synthetic	condition_d	75.0
fdf40bc1-d458-4d19-b3db-ab3e24bda9de	freq	richness	real	condition_a	24.0
fdf40bc1-d458-4d19-b3db-ab3e24bda9de	freq	richness	real	condition_b	66.0
fdf40bc1-d458-4d19-b3db-ab3e24bda9de	freq	richness	real	condition_c	73.0
fdf40bc1-d458-4d19-b3db-ab3e24bda9de	freq	richness	real	condition_d	77.0
fdf40bc1-d458-4d19-b3db-ab3e24bda9de	freq	richness	synthetic	condition_a	33.0
fdf40bc1-d458-4d19-b3db-ab3e24bda9de	freq	richness	synthetic	condition_b	47.0
fdf40bc1-d458-4d19-b3db-ab3e24bda9de	freq	richness	synthetic	condition_c	63.0
fdf40bc1-d458-4d19-b3db-ab3e24bda9de	freq	richness	synthetic	condition_d	79.0
fdf40bc1-d458-4d19-b3db-ab3e24bda9de	freq	warmth	real	condition_a	45.0
fdf40bc1-d458-4d19-b3db-ab3e24bda9de	freq	warmth	real	condition_b	73.0
fdf40bc1-d458-4d19-b3db-ab3e24bda9de	freq	warmth	real	condition_c	76.0
fdf40bc1-d458-4d19-b3db-ab3e24bda9de	freq	warmth	real	condition_d	87.0
fdf40bc1-d458-4d19-b3db-ab3e24bda9de	freq	warmth	synthetic	condition_a	36.0
fdf40bc1-d458-4d19-b3db-ab3e24bda9de	freq	warmth	synthetic	condition_b	82.0
fdf40bc1-d458-4d19-b3db-ab3e24bda9de	freq	warmth	synthetic	condition_c	94.0
fdf40bc1-d458-4d19-b3db-ab3e24bda9de	freq	warmth	synthetic	condition_d	100.0
fdf40bc1-d458-4d19-b3db-ab3e24bda9de	reg	brightness	real	condition_a	9.0
fdf40bc1-d458-4d19-b3db-ab3e24bda9de	reg	brightness	real	condition_b	55.0
fdf40bc1-d458-4d19-b3db-ab3e24bda9de	reg	brightness	real	condition_c	75.0
fdf40bc1-d458-4d19-b3db-ab3e24bda9de	reg	brightness	real	condition_d	75.0
fdf40bc1-d458-4d19-b3db-ab3e24bda9de	reg	brightness	synthetic	condition_a	0.0
fdf40bc1-d458-4d19-b3db-ab3e24bda9de	reg	brightness	synthetic	condition_b	74.0
fdf40bc1-d458-4d19-b3db-ab3e24bda9de	reg	brightness	synthetic	condition_c	74.0
fdf40bc1-d458-4d19-b3db-ab3e24bda9de	reg	brightness	synthetic	condition_d	87.0
fdf40bc1-d458-4d19-b3db-ab3e24bda9de	reg	richness	real	condition_a	0.0
fdf40bc1-d458-4d19-b3db-ab3e24bda9de	reg	richness	real	condition_b	75.0
fdf40bc1-d458-4d19-b3db-ab3e24bda9de	reg	richness	real	condition_c	76.0
fdf40bc1-d458-4d19-b3db-ab3e24bda9de	reg	richness	real	condition_d	75.0
fdf40bc1-d458-4d19-b3db-ab3e24bda9de	reg	richness	synthetic	condition_a	0.0
fdf40bc1-d458-4d19-b3db-ab3e24bda9de	reg	richness	synthetic	condition_b	42.0
fdf40bc1-d458-4d19-b3db-ab3e24bda9de	reg	richness	synthetic	condition_c	42.0
fdf40bc1-d458-4d19-b3db-ab3e24bda9de	reg	richness	synthetic	condition_d	53.0
fdf40bc1-d458-4d19-b3db-ab3e24bda9de	reg	warmth	real	condition_a	15.0
fdf40bc1-d458-4d19-b3db-ab3e24bda9de	reg	warmth	real	condition_b	10.0
fdf40bc1-d458-4d19-b3db-ab3e24bda9de	reg	warmth	real	condition_c	24.0
fdf40bc1-d458-4d19-b3db-ab3e24bda9de	reg	warmth	real	condition_d	32.0
fdf40bc1-d458-4d19-b3db-ab3e24bda9de	reg	warmth	synthetic	condition_a	0.0
fdf40bc1-d458-4d19-b3db-ab3e24bda9de	reg	warmth	synthetic	condition_b	0.0
fdf40bc1-d458-4d19-b3db-ab3e24bda9de	reg	warmth	synthetic	condition_c	25.0
fdf40bc1-d458-4d19-b3db-ab3e24bda9de	reg	warmth	synthetic	condition_d	25.0
